"","Text ID","Text","Alignment","Rationale","Comments","Notes"
"1","270570d69b9a3dc096819d641b83a7ab","The vast majority of households do not have the capacity to pay for such services. For households that do report care spending, the actual market demand expressed in monetaiy terms depends on total household income and on the range of needs they need, want and are able to meet. Spending on health care inside and outside the household was grouped together, showing that most of this spending goes on older persons in the household, the sick and persons with disabilities.",1,NA,"- Steve: not clear enough of a link to 1.4",NA
"2","a332c0610efeb53ca0332b114988ebf5","Increases in house prices slowed down around the period of the financial crisis, but then price inflation went back to its pre-crisis level. Overall, house prices in household income increased sharply, and after falling around 2008, the house price to rent ratio returned to rising sharply. Recently, house prices declined in energy-producing regions, continued to rise strongly in Vancouver and Toronto, and have risen modestly elsewhere. In this context, the purchase of real estate often becomes unaffordable for low-income families who, as it will be seen in the next section, are increasingly likely to rent their homes. The standardised price-rent and price-income ratios show the current price-rent and price-income ratios relative to their respective long-term averages.",0.333333333333333,"target 1.4 focuses on equal rights, not on equal opportunity","- Finn: target 1.4 (ownership of property)",NA
"3","a8db59d57a2008bba8da65220d6a7195","Indeed, there is no guarantee that results on the capacity of a social programme to reduce poverty by a given amount will translate to another country if the poverty line is set in a different way. We propose that this line be set at a multiple of median income, which makes the poverty line sensitive to the distribution of welfare in the country, rather than being solely determined by the mean of the welfare metric used. This relative poverty line can fruitfully be used alongside an absolute poverty line, which we set at the level of the international dollar-a-day poverty line. Considering that the international 1.25 dollar-a-day poverty line sets a minimum income for fulfilling survival needs, the 1.25 dollar-a-day line may appear more relevant when the relative poverty line falls below this level.",1,NA,"- Meike: about poverty line needed for 1b",NA
"4","b91ff29bf9d09fd26d5d7848be67f6b9","In terms of the hungriest, 16.1 per cent are found to be ultra hungry in Bangladesh, with 15.9 per cent in rural areas and 17.1 per cent in urban areas. In Lao PDR, the share is 16.1 per cent, with 10.7 per cent in rural areas and 31.4 per cent in urban areas. In Timor-Leste, the figure is 25.0 per cent, with 25.0 per cent in rural areas and 25.2 per cent in urban areas.",1,NA,"- Meike: fact stating, about hunger, not poverty",NA
"5","c39ae8c69efcaa79b4c6d0930c34098d","The impact analysis found that members of the health insurance system were more likely to seek treatment in health facilities rather than to self-treat (Jowett, 2001). And the Early Intervention Programme of Belarus is one of the best practices for children with special needs in the CEE/CIS region. Due to this programme, access for children with special needs to quality early intervention health services has increased. Between 2003 and 2008 the programme produced a 20 per cent increase in the number of children under 8 years benefiting from appropriate care and feeding practices for their survival, growth and development, including early identification of children with special needs (UNICEF, 2011b).",1,NA,"- Steve: more on health systems and malnourishment than social protection and poverty eradication",NA
"6","cb3a204ccf4966a35a7bde900d0825f0","The costs of not taking the opportunity will undoubtedly be even higher. Children need to be supported and protected from avoidable ‘falling behind’ at all stages of their development, but the point of greatest leverage is the point at which the process begins. In this sense the metric used -the degree of bottom-end inequality in child well-being — is a measure of the progress being made towards a fairer society.",0.333333333333333,"link to SDG 1 is indirect","- Steve: 1.3",NA
"7","d69606bfe08167db581fd5ed1bfc9f08","It is calculated using the number of deprivations that the multidimensionally deprived children encounter, divided by the maximum number of dimensions considered, showing the average number of deprivations the deprived children experience. The child population per country is calculated multiplying the total population size in 2012 (retrieved from the World Bank Databank, Oct 2014) with the percentage of children as a share of the total population of each country (derived by authors' calculations based on DHS/MICS data, see Annexes 1 and 2). In 2012 these countries represented 78% of the total population of sub-Saharan Africa (and 10% of the world's population).",1,NA,"- Finn: target 1.2
- Meike: questionable, just fact stating not about how to end poverty but does use deprived which is value-laden
- Steve: though again more fact-stating",NA
"8","fc621d24f9f0168b025ababc25236a68","Up to December 2006, the same factor was applied to both lines. Since 2007, however, the indigence line has been adjusted to reflect changes in the food CPI, whereas the part of the poverty line that corresponds to non-food spending is adjusted by the relevant CPI. Since 2007, therefore, the differential between the indigence and poverty lines has ceased to be constant. In line with usual ECLAC practice, the data have been corrected to account for non-response to some income-related questions by wage earners, the self-employed and retirees, and to mitigate probable underreporting biases.",1,NA,"- Meike: about poverty line but not how to end poverty",NA
"9","179f5e93823260060cb8ea73d49bb18f","For example, in the United States, Burtless (2009) reports that changes in the population’s age structure, living arrangements and ethnic mix contributed only a small share of the rise in inequality between 1979 and 2004: only around 15% of the overall rise in inequality was explained by demographic change with the rise in single-adult households (rather than the ageing population) being the more important contributor. In the United Kingdom, Jenkins (1995) too finds household structures had little influence on the growth in household inequality in the 1980s. Across countries, differences in family structure also do little to explain cross-country differences in poverty rates or inequality (Jantti, 1997, Pasqua, 2008, Harkness, 2010).",1,NA,"- Finn: last sentence
- Meike: more about inequality, only last sentence about cross-country poverty",NA
"10","ab205eab935330ab0765d3488f4401f5","El Salvador, Paraguay and Uruguay, several of which showed the largest gains in this source, reported increases both in average income per recipient and in coverage. In the other countries, the outcome resulted from a rise in one factor combined with a fall in the other (see figure 11.8). Within this framework, it is possible to analyse different combinations of inequality reduction and average income growth that could produce a particular poverty rate, and then assess whether those conditions are in line with the trends observed in recent years. Goal 1 is to end poverty in all its forms everywhere and sets targets for achieving that. Target 1.1 is to eradicate extreme poverty for all people everywhere by 2030.",1,NA,"- Meike: overall theme",NA
"11","fce08dddf33371436927c7eb6933e675","Less than 11% of pupils attending public schools are entitled to a full teaching day, compared with 46% for those attending private schools (Barrera et al., Since private schools cover predominantly pupils from well-off families (and more so in Colombia than in many other countries, OECD, 2012c), many pupils face a double liability of coming from a disadvantaged background and attending a lower-quality school. Second, the poor selection and training of teachers affect education quality.",1,NA,"- Steve: more on SDG 4",NA
"12","fae8d854009d8fa36c8f5d087c7dfc67","Others see it narrowly in terms of its potential efficiency effects. Although participation is meant to operate on democratic principles and to involve and benefit all sections of the community, institutions which seem participatory and inclusive in formal terms can effectively exclude significant sections, especially the poor and women. These “participatory exclusions”61 can, in turn, unfavourably affect both equity and institutional efficiency.",0.333333333333333,"target 1.4 focuses on equal rights, not on equal opportunity","- Finn: target 1.4",NA
"13","688dcc088da92d5652dfaadc1a79527e","The state-led welfare and social protection system is limited in PICs, where there has been a heavy reliance on traditional, informal and non-state social protection systems which are provided through extended family, kinship, and community. The aim of the paper is to examine the nature of traditional, informal and semi-formal social security and protection mechanisms within PICs, to explore the role of non-governmental organizations (NGOs) and civil society organizations (CSOs) in providing social security and safety nets and to aid in enhancing social development in PICs. Social protection is a fundamental issue in promoting social and human development and reducing risks and vulnerabilities. It is an agenda primarily designed for reducing vulnerability and managing risks of individuals, households and communities.",1,NA,"- Finn: PICs=Pacific Island Countries
target 1.3
- Meike: it seems that they imply protection from poverty",NA
"14","1c0f21887df0116ca1b67aa3d8f51f24","One trend dominates in particular: the relative gain in income (+13%) for children whose parents ow'n the home compared to poor families who rent their homes but who otherwise share the same characteristics (Annex B). Declines in home ownership tend to push the standard of living down. The proportion of poor children in a two-parent family renting a dwelling increased sharply, from 36% in 2007 to 50% in 2014.",0.333333333333333,"focused on poor family and children","- Finn: target 1.4
- Steve: Not directly an expression of poverty is it?",NA
"15","c976294d27622ff747fe36b28fb95cb9","The main addition to the UNICEF approach is active labour market interventions, such as skills-building and job matching. However, ILO considers both social protection and social security as largely interchangeable concepts (ILO 2017:194-5). Social security is a human right and it aims to reduce and prevent poverty, vulnerability and social exclusion throughout the life cycle. Social protection floors constitute the most innovative contribution of the ILO approach. They are nationally defined sets of basic social security guarantees - in terms of both essential health care and basic income security for children, adults and older persons - that ensure, as a minimum, that, over the life cycle, all in need have access to goods and services defined as necessary at the national level (ILO 2012). The framework also outlines urban-specific vulnerabilities to be considered and identifies some key issues in urban areas such as targeting and transfer size.",1,NA,"- Finn: target 1.3",NA
"16","192e45956d3844237e0d96051a17baf9","In contrast, the assumption of import price recovery in 2010 exacerbates the impact of the global economic crisis in Ghana, which has the highest import penetration rate. The recovery in import and export prices in 2010 is beneficial to economic growth in Cameroon because of its initial trade surplus. Hence factor prices follow their non-crisis trends as early as 2010 in this country, although at lower levels.",1,NA,"- Steve: SDG 8",NA
"17","2564e3dc2373f7725c7f0cdd113937a2","Post-2015, there will be a need for substantial increases in the concessional resource flows to low-income and lower-middle income countries, on a stable and predictable basis, to support productive investment and the provision of public goods. The 2005 Paris Declaration and the subsequent Accra Agenda for Action in 2008, along with the Busan Partnership for Effective Development Cooperation in 2011, are the clearest results of those efforts. Although not yet fully implemented, these agreements imply a certain rebalancing of the relationships between partners and donors.",1,NA,"- Steve: again no direct mentioning of poverty",NA
"18","bf822b21b3f459fbb364d4a2a2c68448","For the purposes of the SHI scheme, “formal sector” refers to enterprises that employ more than ten individuals, a definition which excludes a large proportion of the population. Total expenditure increased steadily from ETB 0.1 million in 2012/13 to ETB 47.9 million in 2015/16. Management and administration initially accounted for the majority of expenditure but the system development’s share of spending increased after 2014/15 and accounted for over 57% of total SHI expenditure in 2015/16.",1,NA,"- Steve: SHI = Social Health Insurance?",NA
"19","da473f1e458a71cb15edd7ddd3b00b99","Societies will have to adjust to increasing proportions of older persons in their population. In this regard, in developed countries, concerns about rising costs of health care (partially related to ageing) and viability of pension systems are already at the centre of policy debates. In many developing countries, population ageing is occurring in an accelerated fashion and life expectancy has risen considerably.",1,NA,"- Steve: links to social protection systems but only vaguely",NA
"20","02b8877817cd13051521cc3677b997f5","Commodity assets managed by financial investors have increased over the past decade from less than $10 billion to $404 billion in June 2012. Loose monetary policies of the developed world, most notably quantitative easing (QE) in the United States, along with the unwillingness of governments to regulate participants in commodity markets, have continued to draw excess funds to the commodities markets due to the markets’ comparatively high expected returns. The presence of financial investors, betting on an increase in fundamental prices due to supply shortages, serves to exaggerate price increases.",0.5,"financial market regulation falls under target 10.5","financial market regulation falls under target 10.5",NA
"21","0445bf82b3b36a1e622e74e253bb1cd2","The employment services for college graduates should be strengthened and the assistance system for college graduates from poor families should be improved. Enterprises are encouraged to keep more migrants. Those having financial difficulties can adopt flexible employment, elastic working times and on-the-job training to stabilise jobs.",0.5,"ensuring equal opportunities falls under target 10.3","ensuring equal opportunities falls under target 10.3",NA
"22","19a1ac184539a1f248a1dfc8e759ecd9","Thus, while limited differentiation may mean that, in the immediate term at least, regional supply chains might need to be less differentiated than most Asian supply chains (or only part of the production chain can be located in this region), the prevalence of manufactured product in regional exports also means that some basic infrastructure for the production of manufactured goods already exists in South Asia. Countries such as Bangladesh, Nepal, and Pakistan may be able to host, simultaneously, both labour-intensive assembly-type activities and more technically demanding intermediate activity across different supply chains, while India may be able to straddle all but the most technically demanding aspects of the production process. In short, it is unlikely that South Asia will replicate the ‘flying geese’ model in the classic sense, so famously attributed to East Asian industrial development.",1,"no explicit connection to inequality","no explicit connection to inequality",NA
"23","4ccf9e90754564ee7ea621b6d7dbe51e","It is scarcely less difficult or costly to train teachers, accountants or professionals with other lost skills. Yet much of this is qualitative and not measurable. In both Samoa and Tonga, science and mathematics teachers from secondary schools are the ones most often lost, partly through migration and partly from attrition, since sciences and mathematics teachers are most easily able to find better paid jobs within the public sector. In Tonga, the loss of industrial arts and technical and vocational education and training teachers is a particular problem.",0,"not specific to orderly, safe, regular or responsible migration","not specific to orderly, safe, regular or responsible migration",NA
"24","59176c283f5080a0c113971fc001e40b","But it’s far from clear whether typical workers reaped any benefits during the early stages of the Industrial Revolution, many workers were clearly hurt.” Over just the past few decades, the number of people employed as telephone operators and shorthand typists has dwindled markedly. Other jobs will go in the future, including some “knowledge work” that today might seem to be immune to technology.",1,"no explicit connection to inequality","no explicit connection to inequality",NA
"25","628de0ab613a79a72e1760446ff1bd20","In most cases, data for 2009 are expected to be released later during 2011 or early in 2012. Relative to 2007, benefit receipts under public assistance programmes have slightly decreased for households in the first quintile. This may reflect an increase in the share of the population in the first quintile receiving benefits from other public sources, such as the UI programme, as well as the financing of the Temporary Assistance for Needy Families through a Federal block grants to the states that are not adjusted for inflation nor changes in caseloads. The American Recovery and Reinvestment Act (ARRA) included a temporary increase in EITC and expanded the credit for workers with three or more qualifying children.",0,"social protection policies fall under target 10.4","social protection policies fall under target 10.4",NA
"26","ba7cc2264c7b58ee4cb3ab3698c84aa7","The surges in consumption in recent years, as examined in chapter IV, could easily be erased by a reversal of the business cycle, threatening access to basic consumer staples for this broad swathe of the population. The most evident of these features is that the poverty rate for children is considerably higher than for the rest of the population. Poverty rates among children aged 15 and under are between 1.1 and 2.0 times greater than for the general population, with the largest discrepancies seen in countries with lowest overall poverty rates. With a number of exceptions, in many countries poverty and age tend to be inversely correlated.",0.6,"inequality between different population segments","inequality between different population segments",NA
"27","dc92bc747fe1609443f3a897b0987795","Trade liberalisation (the removal of barriers to cross-border trade) has historically been negotiated at the World Trade Organization (WTO), trade agreements negotiated there translate into impacts within countries and therefore have significant implications for household wellbeing and gender equality1. There is now considerable empirical evidence that international trade agreements have a differential impact on women and men at household, firm and national levels (Randriamaro, 2006, Carr and Williams, 2010, World Bank, 2012, United Nations Conference on Trade and Development (UNCTAD), 2012), creating disparities in how the opportunities and challenges of globalisation are experienced. Yet, there have been only limited attempts over the decades during which global trade negotiations have been taking place to mainstream2, or integrate, gender concerns into trade policy and negotiations. Our research confirms that the first hurdle, that of holding the position of ambassador or head of mission (HoM)3, shapes progression on to the decision-making and accountable committees and councils of the WTO.",0.6,"ensuring economic inclusion of women falls under target 10.2","ensuring economic inclusion of women falls under target 10.2",NA
"28","f1426dc96be530dba5c08a40f3b64c0f","In addition, international actors have been criticised for permitting a ""blame culture"" in which risks were unfairly distributed along the partnership chain, with front-line responders exposed to the most significant risk. The RMU was established in 2011 to help UN agencies to better asses and understand risk. It is funded by Denmark, DFID and the Common Humanitarian Fund for Somalia. The RMU carries out risk assessments and monitoring, conducts due diligence on implementing partners, and manages a database of risk-related evidence on UN implementing partners.",1,"no explicit connection to inequality","no explicit connection to inequality",NA
"29","f7b793b661b1b0ffdf3c563be3c4c3d0","At the time of writing there were only five qualified plumbers in Tonga, not only is it hard to get access to them but they have no time to be tutors in plumbing at the Tonga Institute of Science and Technology. Here too, migration and attrition are combined. In Samoa, 52 teachers left the service in three and a half years between 2000 and 2005, eroding the quality of curriculum delivery (Afamasaga 2006). Tonga was losing teachers at a similar rate.",1,"not specific to orderly, safe, regular or responsible migration","not specific to orderly, safe, regular or responsible migration",NA
"30","8450d28c2510726997c4f87227878655","In an overview supporting the implementation ofthe Norwegian value creation programme, the consultant outlined a few circumstances that could contribute to better utilization ofthe economic potentia I of cultural heritage. Firstly, cultural heritage could provide a competitive advantage of the tourism and travel industry, if the marketing is focused on segments (i.e. groups of people) that are willing to pay more than average for their services. Secondly, there are several benefits of networking between individual companies, a single cultural site may not be sufficient to attract visitors, but as a part of a network of cultural sites, it may become more interesting. Investments in infrastructure and marketing require resources, and by joining forces more cost-effective solutions could be found.",0.3333333333,"not about protecting cultural heritage","- Finn: this is more about economic utilization
- Steve: not really on protection and safeguarding heritage sites but more on making them economically viable and beneficial",NA
"31","9e7ed2260831a3b78bbf9ef1f97b0d2a","The probability that recurrent emergencies will persist is high, even with well-planned and executed strategies. However, over time and with dedicated attention and often incremental action, complex disaster risks can be managed and reduced. Coordinated, collaborative action allows for organizations to play to their strengths and not extend beyond their own institutional capacity while also creating synergies and positive exchanges among actors.",1,NA,"- Steve: not focusing on city level, even though 11.5 does also not specifically mention cities",NA
"32","dbffc996583a690ac9ad01eec4f066ed","The city can experiment with new' technologies at the new' landfill site planned at Gia Minh solid waste treatment complex in Thuy Nguyen district, which is 15 kilometres away from the centre and a part of the project on rain and wastewater drainage and solid waste management. Such efforts can directly improve the economic competitiveness of SMEs. Community-based action has played a key role in reducing the city’s domestic waste by setting up targets and various pilot projects that empowered identifiable groups in waste collection and sorting for recycling. For example, in Cebu, small and medium-scale businesses have identified waste treatment and recycling as a business and located a market for their end products.",1,NA,"- Finn: sustainable city",NA
"33","f625b9bc7ce99302f72ba28accabc605","A major change at the municipal (and provincial) level is the adoption of one plan for the entire territory that will incorporate all applicable zoning regulations and pertinent administrative laws. All existing zoning plans will be transferred to the environmental plan and local governments will have a period of ten years to transform them. It is anticipated that some areas will have a high degree of protection, such as heritage sites, while others will have far fewer rules and constraints and be more open to experimental uses and spaces.",1,NA,"- Steve: urban and regional planning, heritage sites mentioned but not their protection or preservation",NA
"34","64c6f0109216f35fc54981f6c9624bac","Understanding why risks are higher or lower is a basis to attach priorities to problems. The title clearly reflects Korea’s ambition to reduce the number of road deaths. This means there is a target. Deciding on a realistic and ambitious timeframe within which this halving should be realized is a key component of target setting. Experiences in other countries teach us that a halving within 10 years is possible but may also be ambitious. Halving the deaths with a 30 year target cannot be considered ambitious.",0.3333333333,"texts related to SDG 3.6 will always fall under SDG 11.2","- Finn: SDG 3?",NA
"35","90877df6e8ec5767a70401b356c053eb","While such metrics would not replace indicators based on casualty numbers, they could alleviate some difficulties associated with the comparability and statistical power of casualty figures. This is essential given the proven relationships between speed and crash risk {ITF, 2018b) and the contribution that speeding plays in making people feel unsafe on the streets. Technology could play a role and support such analysis.",0.3333333333,"making people feel safe on the streets falls under target 11.2","- Finn: measuring, not action",NA
"36","ea2d5e24a1a4dd383694d6f018f4b6c9","This principle, however, could be stated clearly in all strategic government documents. In pursuing equal opportunities in government, Kazakhstan might adopt the 2015 “OECD Recommendation of the Council on Gender Equality in Public Life” to mainstream gender equality in the design, development, implementation and evaluation of relevant public policies and budget (OECD, 2016f). The Ministry of the Civil Service and its counterparts in subnational levels need to be staffed with experts.",1,NA,"- Steve: not specific enough on urban planning",NA
"37","ee0b31af44c3594163819b39b940ae51","Pay levels make it difficult to attract and retain skilled and highly qualified staff, as civil servants (i.e. urban planners) in key cities such as Almaty are paid USD 300 per month, compared to USD 600-800 in the private sector. Kazakhstan requires a clear competence management framework to ensure the skills, knowledge and behaviour that result in good performance at individual and organisational level. Competences should be linked to different elements of human resource management (HRM), in the recruitment and selection of staff, training and development, and succession or career planning. Several models are used in OECD countries, but Kazakhstan may wish to review the French model, known as Employment, Workforce and Competency Planning (Gestion previsionnelle des emplois, des effectifs et des competences or GPEEC), as it shows how recruitment methods may incorporate competences without abandoning the established principle of selection through competitive examination.",1,NA,"- Steve: more on skills development",NA
"38","0e0abbf7d56973b3369880cf465f4cea","Agricultural production for processed and formally marketed food is highly concentrated. A secure institutional framework is critical to keep transaction costs low, lower barriers to entry, and provide certainty on the ties between farmers and agri-businesses (Sautier et al., Housing is a major source of wealth creation and savings, with investments accounting for 6 per cent of GDP, and for each house built, five jobs can be created (World Bank, 2015).",1,NA,"- Steve: on housing but not on access to safe, affordable housing",NA
"39","e57ea5958114334ee198bfe3a399f1d7","Some OECD governments go further, seeking to direct growth to particular regions (e.g. outside a capital city) or to particular areas within a city (e.g. inner-city development). Korea, for instance, has attempted to address regional disparities by directing growth to less-developed regions and alleviating agglomeration pressures on major population and industrial centres. While most often implemented by lower levels of government, these tools often require legitimation through national legislation, and may be motivated by national strategies for sustainable urban development. They can include the public acquisition of land, regulation (e.g. zoning provisions, development moratoria, urban growth boundaries, green belts) and fiscal policies (e.g. development impact fees, infill or redevelopment incentives).",1,NA,"- Finn: reducing pressure on cities",NA
"40","f66cfaf9bc4803c9cb79d3d2aeea2aee","Therefore, for most migrants, moving to a city is a sound decision that is likely to benefit their well-being and strengthen their resilience to adversity. Migrants are often faced with legal, cultural and social barriers and obstacles to accessing formal housing, employment, education, health and other social services. These barriers may force them to live in conditions of exclusion, segregation and vulnerability. Migrant women, for instance, are more likely to work in low-paid, irregular, and potentially exploitive jobs, often in the informal sector.",1,NA,"- Finn: formal housing? weak",NA
"41","e1011006a88d133194ecbe6829dbf9eb","Furthermore, taxation of residential, rental and social rental housing is excluded from this analysis because of limitations in the reported data.9 Overall, more work is needed to improve coverage and validate the quality of the data. The next sections provide more information on these policy instruments, on their coherence with social policy objectives and on the amount of resources invested in them. Owner-occupied housing is the dominant tenure across OECD countries (see Figure 1) and it received public support in all of the countries surveyed in OECD QuASH. The collected data show that multiple policy instruments are typically used to this end and generally include both demand-side and supply-side subsidies.",1,NA,"- Steve: only vaguely linked to access to affordable,safe sustainable housing",NA
"42","7217a37ffe7cc5f7b6af3f3fdd243c29","The tool is intended to assist governments and decision makers in deciding on the most appropriate road safety policies and measures to achieve tangible results. The model is based on historical road safety data and relations between several road safety parameters, and provides information on different road safety scenarios. The tool's output is a spider diagram that summarizes a city's overall state of urban transport and performance against each indicator.",0.3333333333,"road safety falls under target 11.2","- Steve: ""overall state of road transport"" still no direct link to clear SDG 11 objectives",NA
"43","11ed456df853a192cd01dea84b05e90c","The study also focused on the importance of cultural heritage as a factor attracting people to stay in the region. According to the study, about 60% of the tourists visited Raros because ofthetown's cultural heritage. In addition, around 40% of guests attending conferences stayed in Raros due to the cultural heritage of the town.",0.3333333333,"not about protecting cultural heritage","- Finn: weak",NA
"44","a006715155165a76910935a541df0c31","They also had similar challenges, particularly around logistics and transportation, as well as coordination of efforts on the ground. However, in terms of learning from their experiences, while both countries conducted workshops to review the lessons learnt, only Vanuatu produced a detailed report with practical recommendations forthe government to pursue. This is further evidence of Vanuatu's strong commitment to disaster risk reduction and management compared with Dominica.",1,NA,"- Steve: on country level, again 11.5 is broadly defined",NA
"45","1048a91f65ea37e7f67fa4f0b1fcbc86","Due to highly arid conditions, the region is one of the most vulnerable to climate change, putting cities at risk of water scarcity and extreme heat conditions. However, it was found that the ""underlying risks of humanitarian crisis and disasters challenge the process of building resilience in the Arab region, combined with the lack of coping capacities when faced with climate change, conflict, and displacement. City-wide hazard maps are often limited or do not exist, while updates on risk assessment are scarce and lack clear multi-hazard components, according to a recent assessment.410 This challenge is often linked to disaster risk governance, when the legal framework fails to require the maintenance and updating of disaster data.",1,NA,"- Finn: disaster risk",NA
"46","e239978801cc887b5d53998790830e08","Although data is available for a few countries, it needs to be re-packaged to allow for disaggregation by relevant variables. Local materials provide efficient ways for energy conservation and protection from disasters. In developing economies between 7 and 10% of the labour force are involved in residential construction.",1,NA,"- Finn: weak
- Steve: Disaster risk protection, residential construction+",NA
"47","062372c7882af8f7bb84943024eb6a2c","Its mandate is two-fold: to promote energy security amongst its member countries through collective response to physical disruptions in oil supply and to advise member countries on sound energy policy. This paper reflects the views of the IEA Secretariat and may not necessarily reflect the views of the individual IEA member countries. The study also draws on contributions of Franziska Mueller-Langer, Jens Giersdorf and Anastasios Perimenis of the German Biomass Research Centre (DBFZ), who provided parts of the sustainability chapter and four country profiles commissioned by the Deutsche Gesellschaft fiir Technische Zusammenarbeit (GTZ).",1,NA,"- Gib: Could be SDG 12 because oil is natural resource. But it is very, very vague and should be considered as the SDG on energy instead if we were to avoid double counting.",NA
"48","0686b17a9aeedb103f46b38f9d94eeb8","Thus the government's role is dual. On the one hand, it must act as a facilitator by providing the necessary infrastructure for tourists, promoting attractions and encouraging tourist arrivals. On the other hand, government’s role is to enforce laws of the land and these may, in some cases, be in conflict with its role as a promoter of tourism.",1,NA,"- Steve: 12.b is specifically on developing and implementing monitoring tools",NA
"49","08ee208db6cafa5ea057212223ece39c","One legacy of that programme was the establishment of the Programme of Advancement through Health and Education (PATH), a conditional cash transfer programme that now constitutes the core of the social safety net. Advocacy has been initiated by scientists and their students in the Climate Studies Group of the Department of Physics at the University of the West Indies (UWI), individual scholars in the Faculty of Social Sciences, the Centre for Sustainable Development at UWI, as well as by various ENGOs. Some of the research and the outreach based on this work have been funded by the Caribbean Community Climate Change Centre (CCCCC) and the Environmental Foundation of Jamaica (EFJ).",1,NA,"- Gib: Environment is another SDG",NA
"50","ad6accc9d24e23b3e302de529a942889","Policy instruments based on EPR can also be designed to drive eco-design at the beginning of the product lifecycle. However, if the instruments are focused only on improved recycling without driving initial eco-design, EPR may not generate the desired economic and environmental efficiencies (Tojo, N., 2004). Outcomes from economic incentives alone, however, may not be sufficient to generate environmentally or socially meaningful results, because actors generally stop making improvements once the economic incentive to do so ends, whether or not sufficient social or environmental progress has been made. Examples of economic mechanisms employed by OECD governments include also disincentives such as increased fees on waste disposal, and incentives such as government procurement policies and a potential reduction in the value added tax (VAT) and tax for environmentally friendly products (all promoted by the government of the Czech Republic, among others).",1,NA,"- Finn: EPR = Extended Producer Responsibility",NA
"51","197c9502970d6583f6f3e33dceb5550f","Having been conceived, tested and refined in Dhaka, the IRRC approach was found to be robustly suited to the realities of low and middle-income cities. Under this project, ESCAP and Waste Concern, in partnership with national and local governments, community groups and technical teams, promoted the IRRC model in 17 cities, ultimately establishing facilities and pursuing associated activities in seven of them (Figure 4). The centre is a small-scale facility that can receive different types of waste, including organic and inorganic waste, and then transform it all into resources, such as compost, biogas and other fuels and clean recyclable material.",1,NA,"- Steve: irrc = integrated resource recovery centre",NA
"52","34b4f1f3f5ea4fe7b006371c5ed60765","During the latter two decades, protected areas have gradually become more closely connected to their economic and social environments, with an emphasisto integrate national parksto wider regional and local development processes (see e.g. Puhakka and Saarinen (2013). In peripheries, closer connections between the tourism industry and national parks are used as tools. While the original biocentric conservation policy used to be characterized by top-down governance, stakeholders of the local communities and the tourism industry are today increasingly involved in adaptive management strategies. During the last three decades, international tourist arrivals to Iceland have generally increased, including by 25% over the past six years. The number of international visitors to Iceland was approximately 2.3 million in 2017, which is almost seven times more than the entire Icelandic population. Tourism is now one of the main pillars of the economy and represents the country's largest export sector.",1,NA,"- Gib: Fact stating about tourism",NA
"53","1365feccc61adc4814c64ff7d9303893","Further extending the green purchasing requirements to local governments would enhance the effectiveness of the policy, in particular since a large share of public expenditure is invested locally. In expanding its green purchasing policy, the government should make sure that it targets goods and services with the highest potential environmental returns. This outcome was achieved with minor increases in public expenditure. Since the introduction of the green public procurement policy, the market shares of eco-friendly products widely used in the public administration have substantially increased (Figure 9). According to MOE’s estimates, the national government’s green purchasing policy resulted in a reduction of C02 emissions by 89 500 tonnes in 2006, which is equivalent to the amount of C02 emitted by a town of 42 000 inhabitants. The financial implications of Japan’s green public procurement policy and the overall costs to the Japanese economy of achieving such emission reductions should be assessed and compared with the costs of alternative policy measures.",1,NA,"- Finn: public procurement
- Steve: on green public procuremnt",NA
"54","4305276298bfe07e216b55b3e150ff68","For the last one a comply or explain principle is in use. To enable readers to find the particular sustainability information in the report, GRI is using a mandatory content index table that informs the reader on what page the disclosures or the indicator can be found. The Guidelines of the IIRC are currently in development and will be released as draft in April 2013 and finalized by the end of 2013.",1,NA,"- Gib: Could be false. I assumed that the sustainability information and indicators cover SDG 12 indicators.",NA
"55","4e9eb663a8c64d8e3cabfe7e4b87d7d0","In this sense, it was based on natural resources that were transformed into cement using energy-intensive processes. Again, the viability of this industry assumed cheap energy supplies. Demand for middle-class housing, hotels and physical infrastructure drove the rapid expansion of the construction sector in the 1950s and 1960s. The supply of housing and hotels was also dependent on imported building materials and construction equipment.",1,NA,"- Steve: on resource use, though unsustainable and no notion of trying to improve it",NA
"56","53a72b1c4248dc4bbce2a197b5573d72","The transformation process is necessarily long term. With governments elected for five years, there is an inherent tendency to postpone addressing long-term development issues that is all the more difficult in the context of a highly partisan political tradition that resists consensus over development strategies. Progress in mainstreaming the environmental dimension of sustainable development strategies has been slow. Such policies address cross-cutting issues, and in the Westminster system of sectoral portfolio ministerial responsibilities, such issues tend to fall between ministerial responsibilities.",1,NA,"- Gib: not specific enough to be considered consumption and production
- Steve: 12.1 maybe? though more on sustainability strategies in general and not on SCP specifically",NA
"57","84e48d25391c7a7cda69d5f9fb25ee36","Complementing the theoretical approach outlined in the previous chapter, this chapter focuses on the practical and strategic side of implementation, considering the multiple dimensions of successful implementation. Effective policies therefore often have to be developed in collaboration between line ministries. It is important to have effective mechanisms in place to support such collaboration.",1,NA,"- Gib: Unclear about what the policies are about.",NA
"58","8928aa79bf65a8ea8b41802634887e4c","There are estimated to be 500 international treaties and agreements on the environment (155 biodiversity-related, 179 chemicals-related, 46 land-related, and 196 water-related) and a proliferation of subsidiary bodies for the different conventions and administrative arrangements. Additionally, important are leveraging synergies in responsibilities of conventions across various sectoral policies, with the promotion of joint implementation and coordination of funding sources and programmes, as well as multi-stakeholder outreach and engagement to ensure buy-in.5 Capacity building is required given the increasingly complex scientific and technical issues involved. Meanwhile, critical actions may not be taken with fallout for human and environmental health.",0.3333333333,"chemical-related environmental treaties","- Steve: not fully convinced though",NA
"59","7a0048449e06bdb2c71ac177c5ced3c1","A delicate balance has to be maintained and this is where voluntary initiatives such as the Global Sustainable Tourism Council (GTSC) certification scheme play a critical role: there is no confrontation since the industry has voluntarily agreed to follow norms which will not only meet but frequently exceed the requirements of the law. The recommendations are based on a list of 12 principles for sustainable tourism development. Typically the Sustainable Tourism Criteria established by the j Global Sustainable Tourism Council extend to measurable indicators I and an appraisal and certification scheme which is rapaidly gaining j acceptance by the accommodation sector. Laws pertaining to land use, access, waster disposal, I pollution control, minimum wages and the like exist in almost all | countries: occasionally, these are relaxed for the tourism indistury in some developing countries in an effort to attract foreign tourists and i investments in the industry.",1,NA,"- Finn: sustainable consumption in the tourism sector",NA
"60","989a430a480dfb2df0c37dd028d91db8","On another note, it is questionable whether there is even a need for a new scientific body for SAICM. As long as there are no legally binding obligations for states under SAICM, a scientific expert panel may not be needed. According to this view, the recommendations that SAICM provides could well be created without such a body.",1,NA,"- Finn: SAICM = Strategic Approach to International Chemicals Management
- Steve: SAICM strategic approach on integrated chemical management",NA
"61","f83637f12da543fd9df8cb97ade0ef3c","There are also examples at the national level. The Dutch Sustainable Growth Coalition, for example, unites the eighth largest big multinationals in shaping, sharing and stimulating sustainable business models. The changing role of business in society is also reflected in the increased participation by businesses in the discussions in various forums of the United Nations such as UN Global Compact, the development of the UN Sustainable Development Goals, as well as at international conferences such as the Rio+20 conference, which confirmed the importance of corporate sustainability reporting. When moving towards green growth requires a joint public private approach then there should also be more convergence between public and private measurement and reporting to follow the progress made to achieve the goals of green growth.",1,NA,"- Finn: corporate sustainability reporting
- Steve: csr reporting",NA
"62","a941f19e7545ea877b4b9510f0be6a63","In 2014, the System was extended to include a dedicated web portal. This cadastre provides public access to the processes of issuing and reissuing of licences, licence revocation, transfer, pledge and surrender for the entire or a part of the licensed area, as well as to maintaining a register of licences. One of the main objectives of this tool is to prevent licences from overlapping other licences or protected areas.",1,NA,"- Steve: not clear what licenses",NA
"63","17a9f0d1e3733dac32f98dd1b6ee7ae0","Owing to success of the first phase, UNU and Shimadzu agreed to continue the project, establishing the second phase in 1999. In continuation of the previous project, the same research group in each country was kept as partner and national implementation unit. The Philippines joined the project at the beginning of the second phase. The three components were closely linked together and implemented through collaboration of the UNU network on coastal issues.",1,NA,"- Steve: not clear what project is about",NA
"64","57946c8dba1a1a85b2078da67f09fea7","Refrain from seeking or accepting exemptions not contemplated in the statutory or regulatory framework related to human rights, environmental, health, safety, labour, taxation, financial incentives, or other issues. Support and uphold good corporate governance principles and develop and apply good corporate governance practices, including throughout enterprise groups. Develop and apply effective self-regulatory practices and management systems that foster a relationship of confidence and mutual trust between enterprises and the societies in which they operate.",1,NA,"- Steve: mentions environmental health only marginally and not really a clear link to SCP",NA
"65","ce542ae33bf4f70a34b8641eaac2e4d0","Previous studies, of wildlife crime, have revealed some variation of sentencing across the country, in different aimags, but, generally speaking, limits on data availability prevent a thorough comparison. For example, a mining licence can be revoked for failure to adopt an EMP, comply with such a plan or submit compliance reports. The former data set provides information on the location, date of detection, type of crime or infringement, classification of the offence and status of the procedure (e.g. whether transferred to the prosecutor’s office with a recommendation to prosecute). The latter data set provides information on damage and on items seized. Information is not available on the outcome of prosecution, including sentencing. Figure 2.5 shows the evolution of criminal law violations over the period 2011-2016 with the data appearing to be incomplete in the period 2009-2010.",1,NA,"- Steve: wildlife crimes",NA
"66","175fad9c8b9dcce44c7cc98b032d07e1","Importantly, the IUCN works through specialist commissions that provide the Union with information and know-how. All the members of the IUCN together agree on, for example, the work programme of the organization. This would mean conducting studies and developing new policy recommendations or instruments based on the latest scientific findings. In addition, the IUCN governance structure could be used as a partial model for the post-2020 chemicals and waste management regime: the ICCM acts as the general assembly of members, and a governing council could be established to work under the direction and monitoring of the ICCM.",1,NA,"- Steve: though no direct notion to improve chemicals or waste management",NA
"67","d679f7406fda45349991085239143a4e","Good corporate governance makes for good business for all. Good corporate governance helps reduce the risks that smaller firms may face as well. At the other end of the spectrum, cases of corporate malfeasance in state-owned enterprises illustrate that regardless of size or ownership, good corporate governance is critical.",1,NA,"- Steve: good corporate governance does not necessarily mean ESG or CSR",NA
"68","9fef02dedda6d91de6e74e1d7d3baab2","It identifies opportunities and challenges for implementing SPP and provides guidance for governments in developing and implementing successful SPP programs. It saw reiteration in the Johannesburg Plan of Implementation in 2002 and more recently, at the 19m Session of the Commission on Sustainable Development in 2011. It forms part of the 10 year Framework of Programmes suggested at the recently concluded Summit in Rio in June 2012.",1,NA,"- Finn: SPP = Sustainable Public Procurement
- Steve: sustainable public procurement",NA
"69","3083f5dee9e6201a9043b765d1c7c644","Dr Edward W Manning and T David Dougherty, 2000. The study (Lot 1 Research Capacity) was conducted by PA Government Services under the Caribbean Regional Sustainable Tourism Development Programme (CRSTDP), funded by the 8th European Development Fund (EDF), August 2006. See Reil G Cruz, 2006, 47pp. Also World Bank, Caribbean Country Management Unit, 2005.",1,NA,"- Steve: again not on monitoring",NA
"70","62694a749fb81e3268ea0ffba0de1e95","The ways in which the tourists value different aspects of the surroundings are also influenced by experiences made during the visit. To the extent that information, interpretation and education do not have a sufficient influence on peoples' actual behaviour, co-creation initiatives are proposed as a more efficient way of transferring responsibility to visitors (Campos, Mendes, Valle, and Scott, 2015, Prebensen, Vitterso, and Dahl, 2013). Co-creation implies that the tourists participate in the design, production and consumption of an experience, even collaborating in the creation of new products and services (Binkhorst and Dekker, 2009).",1,NA,"- Steve: not on monitoring tools for tourism",NA
"71","f25d81a6f6dd57b990eb23725cf894a1","Today, the dominant research on the effect of the educational systems and approaches related to sustainable development clearly favours impact on the individuals (as opposed to organisations and communities) and formal education (as opposed to non-formal and informal learning). In the modern world characterised by accelerated changes, lack of predictability and multiple economic, financial and environmental crises, different forms of knowledge and learning become a necessity. Even sectors that for a long time adhered to traditional ways of doing things, find themselves in need to adapt to the constant demand for (at least partial) transformation.",1,NA,"- Steve: somehow on awareness and sustainable lifestyles but not so clear",NA
"72","ce798611bb26ebcb1fd0887f02a72387","Some of the chemical applications to control weeds and pests on the plantations have run off from rain into the rivers and transferred to the inshore, especially the main harbour in Kingston. In other cases, chemicals have soaked through the soil into underground aquifers. This is particularly true of the acidic waste from the processing of bauxite ore, which is deposited in lakes of red mud.",0.5,"chemical pollution of soil and water","- Gib: Information about the situation",NA
"73","f0d7085f21c4e88d7448e29c10b34cee","This trend has been boosted by market liberalization and augmented by convergence, new technologies and resultant innovations such as mobile phones which continue to be the most rapidly adopted technology in history. While sector growth has been experienced worldwide, the impact has been exponential in developing countries. Today the mobile phone is the most popular and widespread personal communication technology on the planet, with an estimated average subscription world rate of 87 per 100 inhabitants in 20111.",1,NA,"- Gib: Could be SDG 12 if we were to consider mobile phone owning as ""consumption"". But this passage just states facts and is most likely not about reclycling mobile phone.",NA
"74","a3761ca30cb3fc6ab902a6cb4654005e","Despite the shift in the economic structure, agriculture remains a major source of economic growth for the country, the principal source of income for the rural majority, and critical for food security for all Ethiopians. If poverty is to be reduced, and wealth created in ways in which the majority of the population can participate, then agriculture clearly has to be at the heart of any inclusive and green development strategy. More than 70% of crop land is devoted to cereal production, that area having expanded by 27% from 7.0 million hectares in 2003/04 to 9.6 million in 2011/12. More than 11 million smallholders engage in cereal production, with cereal production totalling 18 million tonnes in 2011/12.",0.3333333333,"green development is not specific to climate change","- Finn: could be non-climate related",NA
"75","d3e888a7bb7201bc4d6a1e4f09015bf7","Table VIII.l shows the breakdown of types of disaster in the different subregions of Latin America and the Caribbean. Studies by Blaikie and others (1996) and by Cutter, Boruff and Shirley (2003) clearly identify the vulnerability factors that contribute to the occurrence of disasters. These include poverty, urban expansion into areas unsuitable for building, economic dependency on agricultural activities, the scant existence of financial insurance policies covering disasters, and growing environmental degradation. The consequence of this is that developing countries are highly likely to suffer extreme weather events, high temperatures, and the disruption of ecological systems that are bound to generate new risks for life, settlements, public-service infrastructure and production, among other things (Lo Vuolo, 2014, p. 19).",1,NA,"- Finn: target 13.1",NA
"76","eee341f5ab622e1de641e010ac2ef5b8","Source: National Institutional Strategy for Climate Change. Although most of SAIs do not yet have the capacity and expertise to audit climate finance, it is within their mandate to audit public climate finance. In this respect, GIZ is providing support to SAIs in developing countries to strengthen their mandates.",1,NA,"- Finn: SAI = Supreme Audit Institution",NA
"77","7233af3cdd64e050af652f765a197230","Ministers reaffirmed their commitment to implement the APEC environmental goods list, which lists goods on which APEC members will reduce tariffs by the end of 2015. In 2014, this included briefings by CITES, the Convention on Biological Diversity (CBD) and the United Nations Framework Convention on Climate Change (UNFCCC). New Zealand briefed the CTE on the jointly organized Parties meeting held in Lima in December 2014.",1,NA,"- Steve: not so directly on tackling cc",NA
"78","abdef9b2251fa5f2e0e0852b0d27c604","This work stands out because of its emphasis on literature, culture and citizenship, as opposed to the more directly environmental approach to ESD common in much of the Caribbean. Also notable in this regard is an undergraduate course in teaching Caribbean poetry, which was designed in collaboration with Cambridge University, and integrates a sustainability focus through a strand on literature and the environment. In addition to these courses, the university is also exploring ESD possibilities campus-wide.",1,NA,"- Steve: education for sutainable development not explicitly climate related",NA
"79","b5591155854d75dc564575f388eacfe7","The Agreement lists possible vehicles through which an adaptation communication could be submitted (Article 7.11), while leaving the form and timing of an adaptation communication open. The Paris Agreement also stresses that adaptation reporting should avoid creating any additional burden for developing country Parties. At a national level, identifying and collating information could help a country communicate its priority needs and actions, identify progress towards national goals, highlight the need for international support, and better co-ordinate and communicate actions and funding within the country.",0.6666666667,"mention of Paris Agreement makes the link to climate","- Finn: not clear if climate",NA
"80","ff2679ddf016ef04e163c6898249b438","The Policy Forum brought together policy-makers and experts from 25 OECD countries, from international organisations and from the private sector to discuss progress, common challenges and successes in the development of national adaptation strategies (OECD, 2012b). The original version included additional European countries which are excluded from the updated table, and also did not include four OECD countries (Chile, Israel, Luxembourg and Turkey) which are included in this analysis. Most OECD members are Annex I countries, with the exception of Chile, Israel, Korea, Mexico. Turkey is an Annex I country, but has only published one NC. The assessment of the scope of discussion is based on the level of attention paid to the topic, classified as: i) extensive, ii) limited, or iii) lacking.",0.6666666667,"NC refers to national communications (climate reporting)","- Finn: not clear if climate
- Steve: NC= National Communications within UNFCCC's national reporting submissions platform",NA
"81","b182cb41431ee6bc0c3db7410462928b","Teachers may learn about ESD and related topics, and may be highly motivated during training activities, but upon returning to their classrooms they struggle to find the time or means to effectively implement what was learned. This is disheartening and inefficient. As attractive as training activities may be to donors as a means of targeting large numbers, and as a means of disseminating ESD knowledge and skills, the surrounding context of such training and the anticipated classroom implementation need to be given serious consideration. In the SEP approach, training is not conceived of as a one-off event expected to change teaching practices on its own, but rather as a component of a broader system of supports and incentives which exerts a positive force on teaching practices over time.",1,NA,"- Gib: Could be true. Education on sustainable development probably involves climate change, but is not specific to it.",NA
"82","9941b10e52bd2df1557343a693c3cb52","For instance, Jordan’s INDC states that their mitigation and adaptation measures should be linked and also aligned with specific Sustainable Development Goals. This approach could help countries streamline their effort for monitoring and reporting given that a number of indicators to monitor progress towards SDGs and their targets might overlap with those needed for adaptation. Some countries use different timescales for different sectors (e.g. Guinea-Bissau’s and Lao People’s Republic), while about 40 countries’ adaptation components of INDCs have no mention of timeframes. Some INDCs have expressed that they will use existing systems to monitor and evaluate the effectiveness of adaptation actions (e.g. Zambia).",1,NA,"- Steve: INDCs = Intended Nationally Determined contributions",NA
"83","c3107a4d61f451bd287a47fafd481738","Portfolio website, www.gcpf.lu/portfolio.html (accessed 24 October 2016). Project Portfolio website, www.gcpf.lu/portfolio.html (accessed 24 October 2016). Adaptation for Smallholder Agriculture Programme (ASAP)”, webpage, www.ifad.org/en/topic/asap/tags/climate change/2782790 (accessed 24 October 2016).",1,NA,"- Steve: just references",NA
"84","b3c8363c053550e71a1ce55c73052786","The integrated nature of the public policies is based (among other factors) on a correct definition of the beneficiaries in socioeconomic and territorial terms, which depends on the quality of disaggregated data available at the household and territorial levels, to be able to distinguish zones or settlements. The institutional framework needs the capacity to identify households and localities that are highly exposed and vulnerable to disasters, in an efficient and planned way, so that they can be included among the priority objectives of public policies aimed at increasing resilience to such phenomena among people and communities. Development Policy Review, vol.",1,NA,"- Finn: target 13.1",NA
"85","553b773cde3b284c8c8e09b84d3bbbbf","In coastal areas, the challenge often exists of preventing the destruction of sand dunes owing to the construction of tourism facilities close to the water. The degradation of sand dunes not only alters the coastal ecosystem but, in the long run, also increases those facilities’ exposure to storms and water rise (Magnan, 2014). This situation entails a typical tradeoff between economic development and environmental challenges. Ideally, an integrated approach would attenuate the impact of the trade-off by limiting habitat degradation and consequently the collateral effect on assets in terms of their exposure to climate-related hazards. Such an approach may not completely eliminate the trade-off, but, by taking into account the negative effects, it can put in place compensation mechanisms, such as for protecting marine ecosystems so as to allow them to maintain their natural resilience and adaptive capacities, and then ensuring that their buffering function against waves is maintained (ibid.).",0.5,"specific to climate-related natural disasters","- Finn: target 13.1",NA
"86","74f5f26b90fc869a2a9aae8c43b48da1","However, the ability of an intervention to mobilise or leverage financing does not necessarily imply effectiveness in a broader sense. For instance, some analysis has highlighted the possibility that high leverage or mobilisation rates may indicate a strong perception of commercial viability amongst private investors who may have invested without public intervention (Stadelmann et al., In addition to its narrow focus, one of the difficulties in using financial mobilisation as an indicator in assessing effectiveness is that there are wide differences in how mobilisation and leverage are defined and measured between different institutions (see Caruso and Ellis, 2013 for a more detailed discussion). Even in the absence of methodological differences, mobilisation rates will vary significantly across financial instruments, technologies, sectors, and countries (UN AGF, 2010, Smallridge, et al.,",1,NA,"- Gib: Could be true. The passage is unspecific about what the financial mobilization is for.
- Steve: mobilising financial resources for what?",NA
"87","945ccccd978d0ebc2fddd1f5676a1690","Through the Tonga Education Sector Programme (TESP), for example, Tonga’s Ministry of Education, Women’s Affairs and Culture undertook its first ever approach to sector-wide strategic planning, resulting in a number of substantive changes to approaches and policies. These activities all reinforce the view that ESD is not something that one party subjects another to. Rather, it is a process of ongoing learning and iteration whereby all involved should grow and adapt as a result.",1,NA,"- Gib: Could be true. Education on sustainable development probably involves climate change, but is not specific to it.",NA
"88","efc52dea07b2385c3c947c5398e5fa78","Tonga’s Ministry of Education, Women’s Affairs and Culture (MoEWAC) is working to seize this opportunity, getting involved in national and regional media industry-oriented workshops, in order to foster opportunities for co-operation. The ministry has worked with local media to educate them on agendas such as EFA, the MDGs and the UNDESD, and one representative has indicated that the media has become a ‘catalyst and advocate for local co-operation and contributions to sustainable development, especially at the grassroots and community level’. None of these associations are commonly made with mainstream or mass media sources.",1,NA,"- Gib: Could be true. I labelled it false because talking about sustainable development in developing countries does not always touch the climate change topic.",NA
"89","6cba4afe64656c7d244f85f141d4a7b1","These include: a strong commitment at both the national and international levels to support and mobilise private investment for green growth, policies and regulations to provide a level playing field for more environment-friendly investments, policies to encourage more environmentally responsible corporate behaviour, an institutional capacity to design, implement and monitor policies to foster green growth objectives, financial mechanisms for green investment, and policies to support private sector involvement in green projects (Corfee-Morlot et al., The targeted use of official development finance is particularly relevant to set the right incentives (e.g. fiscal, economic, legislative, etc.) In particular, since some green sectors operate in highly regulated markets (e.g. energy), development finance could support opening up markets for private actors or help set regulatory environment conducive for private investments in these sectors.",0.3333333333,"green growth is not specific to climate change","- Steve: not direclty climate related though, implicity (green investments)",NA
"90","a22ff4b2cc37e17e84b79cd618fc2e7b","Since river basin flood hazards are frequently transnational, these efforts need to be re-energized and consolidated into a regional warning mechanism. For this purpose there have already been a number of pilots that can be scaled up and replicated. In the Philippines, for example, with support from Deutsche Gesellschaft fur Internationale Zusammenarbeit (GIZ), a landslide early warning system was successfully set up 2012 in the municipality of Saint Bernard in the province of Southern Leyte.",1,NA,"- Finn: early warning target 13.3
- Steve: landslide early warning system linked to disaster risk resilience",NA
"91","2d0e40c0e6dc764c8765dec4639ed177","Information often exists but is very fragmented, inaccessible (and often lost) or collected according to different standards. In many cases, the information is collected in isolation and without keys for connecting pieces with one another. This constitutes a major challenge to the implementation of cross-sectoral management as called for by the BGI. Such integration also entails the exchange of expertise and related methods and tools, while catering for particular requirements of aquatic resources.",1,NA,"- Finn: BGI = Blue Growth Initiative
- Steve: BGI = FAO's blue growth initiative",NA
"92","7d0203f701c1b31b078ba8faad369706","Ironically, this provided a favourable opportunity for Cambodian women fish traders in the Tonle Sap region to engage in cross-border fish trade. They had an advantage over male traders, enjoying greater mobility as they did not risk being considered war combatants. In the late 1990s, as the war subsided, control over fish trade moved into the hands of government agencies and the police.",0.3333333333,"not specific to ocean or market access","- Finn: fish trade vs fishing",NA
"93","7fa995e248654e5ab0e4864e990c0b24","The Fishery moved to total allowable catches allocated as individual transferable quotas on 1 July 2010. Responsibility for managing these waters now lies with the commonwealth department of infrastructure, transport, regional development and local government. The department of infrastructure has entered into a service delivery arrangement with the western Australian department of fisheries for the management of these inshore fisheries.",0.3333333333,"no explicit link to sustainability","- Steve: again no notion of sustainable use of marine resources",NA
"94","45fc65b837b705e0e7e55e366d07d7df","The average FTEs per unit remained unchanged from 2010 at 37. While the main reason for the contraction seen in the number of sea fish processing units and FTE jobs was ceased operations, other common reasons include reorientation towards processing salmon (as salmon processing is not included in seafood processing data) and processing no longer being the main income generating activity of the business. Smaller units (1-10 FTE band) account for only 6% of industry employment, whilst representing 45% of total processing units. In contrast, the largest units (101+ FTEs) provide nearly 50% of employment from only 7% of all business units.",1,NA,"- Steve: fact stating only",NA
"95","5097415c625cebf22fd2fbb26c012fd6","This is the largest individual category accounting for 14% of all fish purchases. Sales of salmon remained fairly constant (+6.2%) since 2007 and consistently make up around 8% of total fish purchases. Purchases of herring and other blue fish fell -30% on 2007. Whilst purchases have fallen, expenditure on fish has remained almost unchanged. Expenditure has increased by 1%, from GBP 1.16 per person per week in 2007 to GBP 1.17 in 2010 (GDP 1.20 in 2011 ). In comparison, the expenditure on takeaway fish fell 7.5% over the same period to GBP 0.17 per person per week .",1,NA,"- Steve: fact stating only",NA
"96","fb61233856a36d2d65ebbfca844aaa6e","Software tools such as Marxan and MarZone which aid systematic reserve design have been used in several cases but could be adopted more widely. Monitoring both ecological and socio-economic data is important, initially to define the baseline, as well as regularly thereafter to assess trends in performance over time. This has often not been undertaken as rigorously as needed, and challenges encountered include lack of sufficient human and financial resources, equipment and infrastructure.",1,NA,"- Steve: core topic not clear",NA
"97","f8cf275c1fbd6d58bf5d878c371e7085","Third, the approach allow's the interdependencies between the different sectors to be explicitly modelled, to the extent that data permit. It compares rates of change of value added and employment in ocean-based industries betw'een 2010 and 2030. The compound annual growth rate for value added of the ocean-based industries combined between 2010 and 2030 is estimated at 3.45%, broadly in line with the anticipated compound annual growth rate for value added of the global economy. However, the total growth of employment (approximately 30%) in the ocean-based industries over the 20-year period is expected to outpace markedly the overall growth rate of the global workforce (approximately 20%).",1,NA,"- Steve: no link to SDG 14 objectives",NA
"98","c2e27bfaaec51d377360b4298da7cce1","To be effective, institutions should be able to incorporate information from different sources, evaluate the relative quality of that information, set goals that are based on evidence, and be adaptable when facts change. There is a difficult trade-off between strictly detailed procedures which are easy to communicate and control but introduce a lot of rigidities that may significantly increase costs (including long delays, interminable negotiations, repeated votes) and flexible rules that facilitate adaptation but could allow the decision process to become arbitrary. Public access to procedures, including for parties not directly involved, is one way to reduce the shaipness of this trade-off by making rigid systems run more smoothly and flexible ones less arbitrary.",1,NA,"- Steve: core topic is not clear",NA
"99","dee71bb7bb809821f6cfd5bfb33a2683","Contribution funding under AIMAP was intended to enable recipients to plan, manage and complete projects that would achieve these strategic outcomes. The AIMAP was a nationally competitive process with calls for proposals issued on an annual basis, and based on priorities established in consultation with provinces, territories and sector stakeholders. The program focused on one year duration projects with demonstrable industry-wide benefits implemented by the end of the project.",1,NA,"- Finn: AIMAP = Aquaculture Innovation and Market Access Program - not about sustainability",NA
"100","3b0e70372f5c506500f52ac2190e097e","It also discusses the development of indicators, reference points and risk indices for assessing fisheries affected by climate changes. In addition, it demonstrates an approach to evaluating fisheries management from an EAF perspective. Finally, it reviews current fisheries management systems and discusses implications for management under changing climate conditions.",0.3333333333,"Ecosystem Approach to Fisheries (EAF) focuses on sustainability","- Finn: EAF = Ecosystem Approach to Fisheries (focused on sust dev)
- Steve: though no notion of sustainable fishing practices or preventing overfishing etc",NA
"101","3e3612938ae0664497910370e72e2256","If the nitrogen removal was fixed at USD 10 per kg, this would represent a NTC of USD 357 504, if it was fixed at USD 30 per kg, this would represent a NTC of USD 1 072 512. The same could be applied to another key nutrient, phosphorus. With an average of 0.04% phosphorus content in FW kelp tissues, 4.09 tonnes of phopshorus would be removed per year. With a value of USD 4 per kg removed (Chopin etal.,",1,NA,"- Steve: more on kelp as a climate solution, but nothing on protection conservaqtion etc",NA
"102","71c62a15a9d8c90f8682fd2b227fd941","Furthermore, science committee and fishery resource management committee were newly organized to coordinate joint participation and role assignments to relevant stakeholders. So far, 10 FSRPs have been established and operated, and it is planned to be expanded to 20 species by 2012. The result of pilot projects show that stocks are increasing after the introduction of FSRPs. For instance, the catch per unit effort (CPUE) of sandfish in the East Sea has increased from 0.44 in 2005 to 0.78 in 2007.",1,NA,"- Finn: FSRP: Fish Stock Rebuilding Plan
- Steve: FSRPs = Fisheries Stock Rebuilding Plans",NA
"103","dc4cf2674af4824166a8e2241c8c10ea","It is a business model aimed at the greatest societal benefits from economic, social and ecological perspectives. It outlines the ideas behind CSF as a business model, and how it was first put into place in the United States. Secondly, we describe how this idea is currently being put into practice in Skane with the innovation project Oresundsfisk, which was originally set up by SEA-U Marine Science Centre in Malmo, an economic association partly funded by the City of Malmo. The case study describes some of the challenges with CSF such as logistics and mobilizing funding.",0.3333333333,"Community Supported Fisheries as a concept have many links to sustainability","- Finn: CSF = Community Supported Fisheries
- Steve: CSF = Community supported fishing",NA
"104","1cc311b2ecd4399b906d5b239a42553c","A. aegypti appears to thrive in artificial habits created by discarded tyres, cans, plastic containers and other temporary reservoirs, and advice has been issued to minimise these potential breeding sites*. The rapid spread of Zika in South America and the Caribbean in 2015 and 2016 may have been exacerbated by a lack of effective waste collection and management. The American Administration asked Congress, on 6 Feb 2016, for more than US$ 1.8 billion in emergency funding for use both domestically and internationally.",1,NA,"- Steve: more on land based pollution and waste",NA
"105","c8c364743e08530825e7a29b4c9e8f88","Estimates of the size of the benefits of marine ecosystem services suggest that these are considerable (for a review of a selection of such studies see Annex 1 .A2), but much work remains to be done. Hence, as noted above, while many aspects of ecosystem services are taken into account here, the quantitative focus of this report is on ocean-based industries. To compare an industry’s contribution to the economy across countries, the share of total GVA is preferred to the share of GDP.",1,NA,"- Steve: marine ecosystem services but no value/call to action - fact stating?",NA
"106","994e37d355b315d7d66d5e1ed08133dd","Foreign ownership of quota or ACE is not allowed unless a specific exemption is granted by the Minister of Fisheries and the Overseas Investment Commission. To receive the exemption, a foreign company must demonstrate that New Zealand will benefit from the ownership. If New Zealand ceases to benefit, the ownership or interest in quota or ACE can be taken away from foreign companies without any compensation being offered.",0.3333333333,"no explicit link to sustainability","- Steve: ACE= Annual Catch Entitlements",NA
"107","3665dcbec78b36f06b12bcc0015a4e7f","Despite some local successes, biodiversity is on the decline globally and this loss is projected to continue. Continuing uiith business as usual may have far-reaching adverse implications for human well-being, security and economic growth. This chapter summarises the considerable benefits and often hidden values of biodiversity and the ecosystems of which it is a part.",1,NA,"- Finn: SDG 15
- Steve: not explicitly linked to marine biodiversity",NA
"108","4f7eea5e72bae1acfb399c9eb5931889","However, the ability of many SIDS to attract viable large-scale processing sector businesses is often limited by location and by operating and transport costs. The potential for renewable energy use in these approaches should be linked to Strategy 2. Opportunities may lie in both domestic and export markets, as well as in accessing entirely new markets or working to improve marketing and value addition in existing markets.",1,NA,"- Steve: not clear if this refers to marine natural resource use or management",NA
"109","8c6d907bb5260146d9aefb86a130911e","Section 2.3 studies the opportunities for enlarging the economic base, as well as the important role of innovation in the NORA region. New developments, research and the implementation of new techniques can support the future competitiveness and sustainability of traditional natural-resource-based industries. At the same time, in the context of increasing efforts to sustain and diversify regional economies, innovation could help to support the development of emerging or new niches and sectors. However, this will require improving education and training and encouraging entrepreneurship and competition.",1,NA,"- Steve: traditional resource based industries might not relate to marine industries exclusively",NA
"110","49728de4aaab5b1239627464d3e5e7ad","Moreover, with reference to the source database, the OECD Secretariat is better able to identify and explain discrepancies between this indicator, national data or other sources. The WDPA is updated continuously, which means that updates to the indicator can be done more regularly (e.g. annually). The method allows the data on protected areas to be summarised in a harmonised and more detailed way than is currently available, without requiring any additional reporting by countries.",1,NA,"- Steve: PAs",NA
"111","5592f180996ad6e57f3ad7f455dc760f","First, the multitude of different strategic documents of equal status with either the same or, to a large extent, overlapping objectives, all valid for the same period and therefore expected to be simultaneously implemented, resulted in competition for the limited available state budget funding and limited institutional and staff capacities. Similarly, foreign donors have difficulty understanding what the priorities are among several similar and overlapping policy documents. In some cases, substantive contents of the strategic documents are not fully reflected in the corresponding implementation action plans.",1,NA,"- Steve: implementation action plans of what?",NA
"112","99664848a5373d9052f7af7921aabdad","Most fishing is carried out by obsolete fleets and very often directed at fish stocks that are already heavily exploited. Further increasing aquaculture production could contribute to supplying seafood and fish at lower costs to the population, thereby reducing pressure on natural fishery resources. However, its potentially negative impact on aquatic ecosystems should be taken into account. Efforts are being made to develop new approaches and techniques, including run-of-river projects in suitable conditions, as development of dams for large hydro can have an adverse impact on river ecosystems and local communities.",0.5,"covers fish in freshwater ecosystems","- Steve: river ecosystems in the last sentence",NA
"113","c3d421de5ef3d1d3f0e67264e704af9d","Time series data are also available for each of these. While the FD accounted for two-thirds of MOECAF spending (MMK 13.62 billion or USD 13.29 million), the share of FD funding going to NWCD was relatively low' at 8.5% (MMK 1.15 billion or USD 1.12 million). Overall, the MOECAF budget (MMK 21.46 billion or USD 20.93 million) accounted for just 0.18% of total union expenditures on line ministries and departments (MMK 12.13 billion or USD 11.8 billion).",0.5,"NWCD is the nature and wildlife conservation division","- Finn: FD: Forest Department
MOECAF: Ministry of Environmental Conservation and Forestry
NWCD: Nature and Wildlife Conservation Division
- Steve: though the government bodies focus on forest management, e.g. Ministry of Environmental Conservation and Forestry, but only fact and number stating",NA
"114","d8c7faa85b23b153a598cc47fd82976c","Approval signifies that the material has been subject to detailed, line-by-line discussion and agreement by consensus. However, if a reader should report an error (e.g., a miscalculation or a factual inaccuracy) in an accepted report chapter or approved summary for policymakers, the issue should be brought to the attention of the Secretariat, which should implement a process for error correction. The text below is adapted from the IPBES procedure for the Nordic Assessment.",1,NA,"- Steve: Should it be marked because it mentions IPBES?",NA
"115","e1b3c66d5ac7d9894a4e285e45315f20","Continued decline of the bladderwrack, Fucus vesiculosus, in the Archipelago Sea, northern Baltic proper. Boreal Environment Research, 21(5-6), 373-386. Vikingsson, G. A., Pike, D. G., Desportes, G., 0ien, N., Gunnlaugsson, T., & Bloch, D. (2009). Distribution and abundance of fin whales (Balaenoptera physalus) in the Northeast and Central Atlantic as inferred from the North Atlantic Sightings Surveys 1987-2001.",1,NA,"- Steve: on species loss? though only fact stating",NA
"116","68bf5e2d81a5c0746f768a72c6a69c19","Because the Macedonian waters have a rich endemic ichthyofauna, MoEPP is also involved for biodiversity conservation matters. However, all fishing is now prohibited on Lake Ohrid to protect the Ohrid trout. Five-year concessions are given to a single fishing company on each waterbody, and the company is expected to develop a master plan for protection, improvement, and usage of the relevant fish stock during their license period.",1,NA,"- Finn: but not for the mention of fishing",NA
"117","f19eca41e4b43652db8b9b924e4042aa","Kiribati, Nauru and PNG are not expected to achieve this target, with an increasing trend in TB incidence, and work also remaining to eliminate NTDs - Kiribati (filariasis, trachoma, leprosy), Nauru (trachoma), PNG (filariasis, trachoma, leprosy, yaws, soil-transmitted helminthiases and foodborne trematodiases) (WHO, 2013). On the other hand, Samoa and Tonga’s alcohol per capita consumption is expected to increase significantly, making it difficult for these countries to achieve this target. It should also be noted that while there are no Tier 1 indicators at present to make an assessment on Target 3.4 on reducing NCDs, the outlook on NCDs is expected to be grim if efforts are not scaled up (see Chapter 6). The IAEG-SDGs proposed 11 indicators to monitor this goal, of which three were Tier 1 indicators (see Appendix 2.1). The only relevant indicator relevant for assessment relates to quality early childhood development but there are only sparse data available for some of the countries (Table 2.4). Given these limitations, an overall assessment for Commonwealth Pacific small states on Goal 4 is not possible.",1,NA,"- Steve: on SDG 3",NA
"118","d88ce3e0410cb6c86d312bdf853cdc55","Mongolia is the eighteenth largest country and the second largest landlocked country in the world. Northern Mongolia is covered by forest and mountain ranges, while desert, desert steppe and steppe areas cover the south. The western region is dominated by the Altai and Khangai Mountains and the east is covered by vast plains and wild heaths. In 2015, these six categories of land accounted for 73.5 per cent, 0.5 per cent, 0.3 per cent, 16.1 per cent, 9.2 per cent, and 0.4 per cent of the total land area, respectively (figure 12.1).",1,NA,"- Steve: fact stating only",NA
"119","a71a14c399d4765cbd870a4000d35f8e","Providing a real-time collection of participator}- information related to illicit trade can engage a broader base of contributors. National policy could also benefit from the dynamic views that allow for a “story-telling” approach to presentations. This simple means of relaying the information could reinforce commitment to the prevention of cross-border illegal activity.",1,NA,"- Finn: not specific to wildlife
- Steve: illicit trade of what?",NA
"120","42f640a093b8ef838b3d4e709f8b7dca","Main concerns relate to the impacts of human activities on fish stocks and habitats in the marine and fresh waters, and to their consequences for biodiversity and for the supply of marine protein (fish) for human consumption and other uses. The trend towards increased global fish catch has been achieved partly through exploitation of new and/or less valuable species and partly through aquaculture. Though global fish catch seems to have stabilised recently, Illegal, Unreported and Unregulated (IUU) fishing is widespread and hinders the achievement of sustainable fishery management objectives. Within the framework of the FAO Code of Conduct for Responsible Fishing, international efforts are being made to address the issue of illegal, unreported and unregulated (IUU) fishing.",0.5,"mentions freshwater ecosystems","- Steve: links to inland freshwater ecosystems, but more on SDG 14?",NA
"121","ca7fb139f40263f9b82512a9af3dd059","Seed banks “enhance social relationships, build community trust, contribute to local governance and community institution-building, and strengthen farmer-to-farmer networks.” In March 2013, almost 40 farmers representing seed banks across the country gathered in Kachorwa to share their experiences and formalise linkages. A team led by Madan Bliatta, chief of the National Agriculture Genetic Resources Centre had driven all the way from Kathmandu to Kachorwa — a day’s worth of travel — to start the process of funnelling seeds from the community seed bank to the national gene bank. The government-run CSB’s have also begun to take their conservation mandate seriously, and a new seed regulation published last year introduced a simpler mechanism of landrace registration, which enables farmers to legally sell their seeds, but not to brand or commercialise them.",1,NA,"- Steve: 15.6? what's the difference to 2.5?",NA
"122","3f437e093356d4ac0f2746d9545d3027","Detailed information is available in the methodology sheets contained in the accompanying CD-Rom as well as on the internet at http:/huww.un.org/esalsnstdevlnatlinfol indicators/isd. National estimates are based on population-weighted subgroup estimates derived from household surveys. It provides information on progress towards poverty alleviation, a central objective and requirement of sustainable development.",1,NA,"- Steve: CD-ROM :D :D :D",NA
"123","98b05a094f16df118cf34ad6d28d301d","The intention is to have a pragmatic focus on the site level, using case studies, information exchange between managers and good engagement with local communities. Further options for synergies are joint preparation for COPs for the two conventions, and encouraging a greater exchange of expertise - both scientific and managerial - to supplement one another’s knowledge and avoid duplication. A case study in the Capacity building section also describes and lUCN-led project to support managers of jointly designated sites (Case study 43, pg.",1,NA,"- Steve: IUCN-related but more on management approaches, though not clear management of what?",NA
"124","3e2faa4615f1dd88369f544606ab07c0","The new media rhetoric, with its emphasis on radical breaks from old media, often masks the degree to which continuity goes hand-in-hand with change. Moreover, the industry’s vision of convergence ignores the competing versions of, and struggles over, the digital future. Against this background, this article focuses on an inter-media site, broadcasters’ websites, seeks to identify the changes and continuities in the notion of the audience, and interprets these in the light of inter-media competition. Using a variant of discourse analysis, which makes hyperlinks its unit of analysis, this study has identified six understandings of the audience online: spectators, fans, consumers, citizens, students, and cybernauts. These reveal that television has merely expanded online, but not really changed its understandings of audiences, suggesting that in its struggle for dominance, television has chosen to stamp the internet with the televisual, rather than making full use of the internet’s potential.",1,NA,"- Steve: not really on public access to information",NA
"125","feb50230bef31ca65e1876d9fe215fd6","Gender scholars have argued that legal reforms against violence position women as victims in need of state help. Using data collected from 22 months of participant observation with survivors of domestic violence in India, I urge academics to re-theorize the relationship between legal reforms and women’s citizenship during an era of neoliberal governance. Burdened with administrative tasks, Indian law enforcement personnel manage new rights claims by displacing regulatory duties onto survivors and caseworkers. Women who have access to women’s organizations are able to take advantage of these changes and “save” themselves and other women from violence. This article shows how neoliberal governmentality, when combined with women’s organizing, has the potential to restructure women’s relationship to the state.",1,NA,"- Finn: legal reforms = justice for all",NA
"126","904876940d548e70de9658ba9332ca37","Economic theory suggests that the enhanced product market competition of deregulation reduces employers' ability to discriminate when hiring. Recent studies of the effect of deregulation on racial employment in the naturally competitive trucking industry find that deregulation increased minority employment. This study examines the effect of deregulation on racial employment in the airline industry. Because deregulation transformed airlines from wasteful service competition to rigorous price competition, deregulation's effect on racial hiring in this continuously competitive industry is not apparent. This study finds that deregulation only modestly changed the racial composition of major airline occupations, which suggests that the change in market structure as a result of deregulation may largely determine the effect of regulatory reform on the racial composition of an industry. © 2001 by the Association for Public Policy Analysis and Management.",0,"focused on deregulation, regulatory reform and dscrimination","- Finn: deregulation = good governance?
- Steve: non-discriminatory policies? Though not really towards sustainable development?",NA
"127","2c84e07d8f65cb7d9e1b587c856d9720","Scholars studying Sino-Russian relations point at the informal division of labour between Russia and China in global governance. Russia remains active in international security governance, whereas China has increased the level of its participation in areas of economic, financial and environmental governance. These differences are ascribed to the different potential of both states as well as their related varied scope of interests in a well-functioning global governance system. However, this division of labour has evolved for the past couple of years. Beijing increased its engagement with international security governance, while Moscow lost some of its (already limited) interest in such areas as environmental or economic governance. This chapter aims at exploring this shift and its implications. Rather than analysing Sino-Russian relations in distinct areas of global governance, it proposes a different approach and identifies three patterns of interactions between the two countries: direct cooperation, parallel activities and contradictory/divergent activities.",1,NA,"- Steve: 16.8",NA
"128","99c6b6088f9432400a510cdf9cb6570d","Objective: The study's objectives were to characterize the participation of patients in nursing care and in choosing integrative and complementary therapies, and then to analyze this participation from the perspective of nursing care ethics. Method: Qualitative research conducted with patients receiving ICT in public health facilities where there are nurses to apply these therapies. Approved by the Institutional Review Boards of the facilities involved. The sensitive creative method and discourse analysis were used. Results: When the autonomy and participation of subjects were considered as citizenship issues, the discussion concerning their right to choose among services provided is resumed. The right as an ethical condition implies having appropriate access to information regarding different therapeutic possibilities, this depends on broadening the subjects' understanding and how they act upon the world and themselves. Conclusion: It is important not to lose sight of the ICT essence of integrality, its principles and purposes.",0.75,"focused on health, without direct link to SDG 16","- Finn: I don't really understand",NA
"129","75e0da334986a894eb41b33b0892e7db","Administrative data from North Carolina are used to explore the extent to which that state's relatively sophisticated school-based accountability system has exacerbated the challenges that schools serving low-performing students face in retaining and attracting high-quality teachers. Most clear are the adverse effects on retention rates, and hence on teacher turnover, in such schools. Less clear is the extent to which that higher turnover has translated into a decline in the average qualifications of the teachers in the low-performing schools. Other states with more primitive accountability systems can expect even greater adverse effects on teacher turnover in low-performing schools. © 2004 by the Association for Public Policy Analysis and Management.",1,NA,"- Steve: not sure schools fall under institutions SDG 16 focuses on",NA
"130","2ef4a400eeb6a64e630f2d331b39cdea","This paper examines the complex relationships between gender, education, extremism and security. After defining extremism and fundamentalism, it looks first at the relationship of gender to violence generally, before looking specifically at how this plays out in more extremist violence and terrorism. Religious fundamentalism is also shown to have gendered concerns. The paper concludes with drawing together the educational implications of these analyses, arguing for a politicised education to promote both national and personal security. Five components are proposed: acceptance of ambiguity rather than absolutism and single truths, a secular basis in human rights, breaking down ‘otherness’, reconciliation rather than revenge, and free speech and humour.",1,NA,"- Finn: violence
- Steve: call to action?",NA
"131","08ee630308e81b34a2add6ea4ba517fa","Starting from the position that officer accountability is a core value of American constitutionalism, this article reassesses MARBURY V. MADISON in light of the indictable acts connected to the nondelivery of Marbury’s commission. First, it reads Chief Justice Marshall’s opinion against the background of personal and political hostility among the principals, including between Marbury and President Jefferson. Second, it identifies avenues of further redress open to Marbury before and after the Supreme Court’s refusal of the mandamus order, and it considers why they were not pursued. Finally, having identified alternative procedural traditions on which Marshall could have drawn, and reviewed decisions by state and federal judges in analogous suits against officers, it concludes that MARBURY'S deepest contribution was to elevate the principle of jurisdiction over the imperative of remedy in constitutional decision making.",0.75,"legal case is focused on judicial review","- Finn: the case is about judicial control
- Steve: transparent institutions?",NA
"132","9824891b518f94ef81609428bbeb603e","Violators of the criminal laws can be found in all age categories, including those defined as elderly offenders (65 and older). Older offenders have been convicted of almost all of the same types of crimes as those in other age categories, including violent crimes, such as murder, rape, armed robbery, and aggravated assault, property crimes, such as theft, destruction of property, and fraud, and crimes generally associated with organized crime or white-collar crime, such as extortion, money laundering, bribery, and corruption as well as being convicted of public order crimes, such as public intoxication and loitering. The severity of the crimes of the older offenders ranges from the most serious felony crime, such as aggravated murder, to minor misdemeanor crimes, such as petty theft. Many, perhaps the majority of older offenders, are situational offenders, while others are considered chronic or habitual offenders.",1,NA,"- Steve: only fact stating",NA
"133","6037752256855089155a0945330e4841","The Brazilian National AIDS Program is widely recognized as the leading example of an integrated HIV/AIDS prevention, care, and treatment program in a developing country. We critically analyze the Brazilian experience, distinguishing those elements that are unique to Brazil from the programmatic and policy decisions that can aid the development of similar programs in other low- and middle-income and developing countries.Among the critical issues that are discussed are human rights and solidarity, the interface of politics and public health, sexuality and culture, the integration of prevention and treatment, the transition from an epidemic rooted among men who have sex with men to one that increasingly affects women, and special prevention and treatment programs for injection drug users.",1,NA,"- Steve: human rights and solidarity enough to mark as 16? Critical issues discussed has no value, call to action etc.",NA
"134","72193d1e0b284fdc7672520feefe490e","The prominence of increasingly regressive tax structures leads to a discussion of factors subverting progressive revenue mobilization, such as slashes in wealth, top personal and corporate income tax rates, the increased use of regressive indirect taxes, and growing tax abuses, including harmful tax competition, tax avoidance and evasion by high net worth individuals (HNWIs) and transnational corporations (TNCs). The section also highlights redistributive policies that positively contributed to equity and sustainable development, especially in Latin America. Section 4 discusses possible steps for moving towards a framework enabling redistributive policies promoting equity and sustainable development. It also emphasizes the limits of domestic policy initiatives and the need for increased international cooperation, notably regarding the taxation of mobile capital income and financial wealth of HNWIs and TNCs.",1,NA,"- Steve: 17.1",NA
"135","a33ed0dba09a2ffca4f24943e4fff696","The following chapter examines policy coherence and the importance of local strategies to job creation. This does not necessarily correspond to the municipal level, where the public employment service has its antennas. Such municipal offices are often merely delivery agencies with low critical mass and strategic capacity, except in urban centres.",0.75,"not focused on policy coherence for sustainable development","- Steve: only PC not PCSD",NA
"136","b0f4c53b6db0d9aebce608b2684ef22a","One policy used to address the issue is increasing the de minimis value, which is the value under which shipments qualify for duty-free treatment and simplified customs clearance. While the reduction of the workload for governments is the main argument for increasing de minimis levels, there are challenges that this solution brings such as the increased need to manage illegal traffic. Information-sharing between customs authorities and e-commerce firms for better risk assessment is crucial to reduce the risk that harmful or counterfeit products slip by under a higher de minimis threshold.",1,NA,"- Steve: not specifically for LDCs",NA
"137","b229680228472a4134aba057b2269b1e","The goal of the programme is to support the development of new innovations with smart, innovation-friendly public procurements. The programme encourages public buyers to use procurement to solve societal problems, renew public services, and improve market access for new products and services. Over the period 2009-16, funding covered a total of EUR 11 million for 73 ended projects. The main areas that received funding are environment/building (36%) and social and health (26%).",1,NA,"- Steve: no developing countries context",NA
"138","2e15e98e0cd6e9bd8088c06063ae66d6","The Sendai Framework for Disaster Risk Reduction 2015-2030 outlines clear targets and priorities for action to prevent new disaster risks and reduce existing ones. In the latest reports (2017-2018) from 70 countries, 67 had strategies that were aligned to some extent with the Sendai Framework. The biggest challenges are investment in disaster risk reduction for resilience and promoting policy coherence between the SDGs and climate change.",1,NA,"- Steve: 17.14",NA
"139","67b7a262b7baf4b024eb0798df13f68f","They have also paid special attention to expanding social opportunities by setting policy priorities, nurturing selected industries, fostering state-market complementarities, committing to long-term reforms, having strong political leadership, learning by doing and boosting public investment. Getting policies and policy priorities right raises the equally important issue of getting policymaking right. Governing institutions and policies are profoundly and inextricably linked, one cannot succeed without the other. It is thus important to have policy processes managed by committed people in effective and responsive government structures. Policies also change at different stages of development: at early stages, for example, many countries prioritize job creation and poverty reduction.",0.5,"could be related to SDG 17.15 but missing the respect aspect","- Steve: though quite a few generic linkns to SDG 17",NA
"140","693d90b8de8af9a2e02231644a613426","Between 2013 and 2035, this investment would avert an estimated 147 million child deaths, 32 million stillborn deaths and 5 million maternal deaths. Yet more than 100 developing countries lack the civil registration and vital statistics (CRVS) systems needed to generate accurate birth and death data. That figure includes 39 per cent of children in sub-Saharan Africa and 44 per cent of children in South Asia. In the absence of reliable data, estimates for child mortality in countries lacking CRVS systems are based on a sophisticated statistical model using survey responses, census information and other sources.",0.5,"no specific mention of statistical capacity","- Steve: SDG 16",NA
"141","1daecd588ace044156e92e055f44126e","Moreover, the indicators should be developed which support the monitoring of the Global Goals for Sustainable Development (SDGs) adopted in 2015 by the UN General Assembly. This will ensure more accurate assessment of sustainable development progress and, if necessary, lead to adjustment of urban development policy. For example, a private construction practice of building several houses on six-acre (rural areas) and four-acre (urban areas) plots exists. It is essential to monitor this process and update development density and infrastructure indicators.",1,NA,"- Gib: 17.19",NA
"142","552cabc214cd1694a4e2bcf9e53e320b","It is important that the indicators align to the same framework for a full and comprehensive analysis to be made. All Nordic statistical offices are currently working to establish regular routines to produce and disseminate these statistics. Rather than to dig deep into the intricacies of a green GDP, the thrust of the effort is on developing a Nordic set of already existing indicators and measures, which relate to the SEEA Central Framework. This can be used besides GDP, as a satellite environmental account, that could be combined with traditional SNA national accounts and provide input for thorough, transparent and reliable analysis of the interplay between economy and environment. A common Nordic effort in this field would be a path-breaking contribution to the follow-up of the new UN sustainable development goals.",0.5,"focused on alternative measure to GDP","- Steve: statistical capacities, but no developing countries context",NA
"143","a0aa9ee0af0fcbc1161c26d11abe343d","However, the lack of clarity about the distinction between climate change and development is one of the factors that has led to distrust between developed and developing countries, fuelled by concerns about additionality and the potential for competition between climate finance and development finance for a limited amount of international public finance. Development finance in the form of Official Development Assistance (ODA) increased steadily from the end of the 1990s up to 2010. In 2015, net official development assistance (ODA) flows from member countries of the Development Assistance Committee (DAC) of the OECD totalled USD 131.6 billion.",1,NA,"- Steve: resource mobilisation, ODA inherently value laden",NA
"144","daed8f635ad6c363df5ffa2916ea6bdb","This source of funding is actually a number of different sources, with funds flowing from various donors through the World Bank and other agents, to countries that take action to reduce emissions from their forestry sectors. The Fund currently has US$10 billion in committed funding available. In an innovative arrangement, financing is available not only to states (and public bodies such as environment or development ministries, development banks), but also to the private sector.13 Also worth noting is the intention to roughly balance investment between mitigation and adaptation, with at least half of the latter funds going to those countries most vulnerable to the impacts of climate change: least developed countries (LDCs), small island states and African states.",1,NA,"- Gib: 17.3",NA
"145","1bf623143e7014fc9dd682a2ef7a6c2c","However, line ministries have greater influence in setting NTBs. They are generally more protectionist and influenced by interest groups. Hence trade policy is a continuous battleground, and a change of key ministerial personalities can easily result in a more protectionist trade policy regime. This is the crux of Indonesia’s trade policy challenge: no minister or agency has control over the full array of trade policy instruments, and is able to adopt an economy-wide public interest viewpoint.",1,NA,"- Finn: NTB = non-tariff barriers",NA
"146","2532065ecd054ca65ed9d5102de8d99a","The main change is due to the need to allocate programmes under Inspection Services and Marketing and promotion into new sub-categories. In particular the inspection and control programmes implemented by the inspection agency SENASICA include inspection, pest and diseases and input components. Good budgetary information for the allocation of this expenditure to different sub-categories was not available and allocation was provisionally done in equal amounts. New information is being collected with the view of improving this allocation in the next monitoring cycle.",1,NA,"- Steve: very likely on food safety but not explicity stated",NA
"147","2582a95f09dc086ac1badbd56600f31c","The ability to monitor progress at the school level in a comparable manner was a major achievement and was very helpful in linking funding with performance improvements of the education system. Another important direction was the substantial increase in conditional cash transfer programme Bolsa Familia (initially, Bolsa Escuola) which created both incentives and the means for poor parents to send their children to school (De Mello and Hoppe, 2005, OECD, 2011). This has recently received much attention, with enrolment in vocational training more than doubling since the early 2000s.",1,NA,"- Steve: bolsa familia more government programme on rural development in general",NA
"148","369a87ffe3be3c9c1dbb031017deb88a","These searchable on-line databases and their annual reporting summaries are valuable tools for federal and state science managers and scientists. In addition, CRIS has been a critical resource for retrospective assessments of the economic impacts of agricultural research. Using data that measure research resource flows to specific subject areas and specific geographic areas, and linking them to subsequent changes in farm productivity, economists have been able to conduct cost-benefit analysis of public investments in agricultural research. A summary of the findings from these studies is given in Chapter 7.",1,NA,"- Finn: target 2.1",NA
"149","4e5237c26875eab28d98e0ca6fc96f61","Such scenarios may constitute “extreme events”, with a low probability but severe consequences if the event happens. A more likely scenario is that a particular trading partner may block or impede trade temporarily, with implications for the prices that an importing country is obliged to pay. For example, India cut off rice exports to Bangladesh in 2007 in order to lower prices on its domestic market (Dorosh and Rashid, 2012).",1,NA,"- Gib: Could be false.
The passage gives an example of an event that was against 2b.",NA
"150","6379115dde7df3fd24608d79ab0e9a29","These figures most likely underestimate the contribution of off-farm earnings because they capture only the income coming from activities integrated from the accounting standpoint either fully or partly within the farm business. However, studies on rural diversification indicate that the majority of alternative enterprises of agricultural households are financially and structurally independent of the farm business (OECD, 2009e). For example, around 20% of living expenses of those households involved in dairying and sheep and beef farming originate from off-farm income (MAF, 2009e).",1,NA,"- Finn: - target 2.3
- Gib: Could be False.
The passage calls for considering off-farm income when estimating farmers' income, probably for SDG 2.3",NA
"151","76efd4b112735038717ec3bcd74c2218","Binding biofuel mandates also risks to increase price volatility on agricultural world markets. International trade in ethanol is subject to significant import tariffs, and climate-related standards are already in use on some biofuels and may become increasingly important in the future. In order not to act as trade barriers that discriminate between domestic and foreign products the development and application of internationally harmonised standards warrants close attention.",1,NA,"- Finn: target 2.c",NA
"152","aea6df3ac9fcbdba5e65c0245acf62ce","That role includes funding for research and development, but it also includes the design of a balanced system of intellectual property rights. This report shows that across all countries covered in this report expenditures on research and development represent a relatively small share in the transfers to the agricultural sector. Increased public and private investment in research and development, including extension and advisory services, could be targeted to increase productivity growth and address challenges associated with climate change and improved management of soil and water resources.",1,NA,"- Finn: target 2.3 + 2.a",NA
"153","bf8482b7a0cdb611a351547eb4c40774","In 2011, a federal programme PRONATEC was launched and now covers 8 million students. Since 2013, it includes a component targeted to rural youngsters: PRONATEC Countryside. For example, in university education, the number of agricultural courses for bachelor degrees reached 830 in 2011, a six-fold increase over 1991, which covers only full-time studies, and does not include distance courses or MBAs (Table 5.1).",1,NA,"- Finn: - could also be target 2.3",NA
"154","ca4bdfd976b99a24b155471befc072e8","Through increasing market size, suitable infrastructure may also promote competition and the adoption of productivity-enhancing technologies. Given such positive externalities, there is often an argument for government provision. Nevertheless, it is also important that framework conditions are designed in a way that encourages private sector infrastructure investment. Without a sufficient network of roads and ports, improvements in farm productivity could result in lower local prices for a commodity at the same time as there is inadequate supply in other provinces.",1,NA,"- Finn: farm productivity (target 2.3)",NA
"155","e20deb68aff05f36aba8681675b31a51","In the model ECIRS payments are then triggered and the representative mixed crop and livestock farm receives the equivalent to the average receipt of ECIRS in 2007-08 (AUD 37 000)l0. On the other hand, the model assumes that ECRP also triggered under the same circumstance, but it is paid to the farmer only if the realized income is below the level set by income test criteria (AUD 62 per fortnight). The level of the ECRP is chosen at the average receipt of ECRP per recipient in 2007-08 (AUD 13 045).",1,NA,"- Finn: - ECIRS provides interest rate subsidies to farm enterprises and small businesses that are viable in the long term but are in financial difficulties",NA
"156","e55b1921e81e682737e0ff171ece0eb6","If land owners are not willing to transfer the land and leave it, the investor does not have the right to lease the land and cany out its investment.” It should be noted that although the government discourages slash and bum cultivation, i.e. shifting cultivation, such a system can be sustainable and deliver environmental goods in areas where demographic pressure is relatively low. An approach tailored to the characteristics of each geographical area should thus be taken.",1,NA,"- Finn: typo",NA
"157","efa73eeb7460b655e6c934c053221c09","But it suggests that rather than holding national stocks, it would be better to develop regional stocks or make food reserve agreements. And in March 2004, the ASEAN+3, which includes China, Japan, and the Republic of Korea, expanded this as the East Asia Emergency Rice Reserve. This reserve has been used to provide relief to victims of floods in Indonesia and Cambodia, to victims of volcanic eruption and mud slides in the Philippines, and to victims of Cyclone Nargis in Myanmar.",1,NA,"- Finn: target 2.1",NA
"158","f1b3b331d543d8400419570bd9e41e68","The main conditions for forming a successful PPP include: common objective, mutual benefits, complementarity of human and financial resources, clear institutional arrangements, good governance, transparency and public leadership. The new legal framework for PPPs in agriculture, to be refined in two circulars that MARD is developing, should thus clearly state the respective roles and responsibilities of the public and private sectors. There are a large number of cases, e.g. in providing financial support to agriculture or in food safety regulatory regime, in which co-ordination between various agencies both at the central government level and between central and local governments is weak.",1,NA,"- Finn: target 2.3",NA
"159","f54d905902a6f8d57ce12177d1fb2856","In 2014, 85% of procurement funds were used in this manner (CONAB-PAA, 2014). A significant share of PAA procured supplies (34% in 2014) is used for the school meal programme. In 2009 the National School Meal Program (PNAE) required public schools to allocate at least 30% of food expenditures to direct purchases from family farmers. Since 2011 under the Brazil without Extreme Poverty Plan, PAA procurement is specifically targeted to the 16 million persons living in extreme poverty with monthly income below BRL 70. In 2014, nearly 24 000 PAA suppliers, or 47%, fell within this category. The National Program for Biodiesel Production and Use (PNPB), which contains special provisions for family farmers, was launched by the Brazilian Government in 2005.",1,NA,"- Finn: target 2.3",NA
"160","f634804dcae42abe19e97ec75564ac9c","A broader analysis of the financial sector in Myanmar can be found in Chapter 6 on financial sector development. While agriculture employs up to 61.2% of the workforce, only 1-3% of the volume of formal bank loans is extended to the agricultural sector. Although its lending has increased in recent years, it provides only short-term seasonal loans that cover a limited share of the production costs and continues to prioritise rice farmers. Other formal lenders have been unable to fill the gap.",1,NA,"- Finn: target 2.3",NA
"161","31b6cccd55e2670d4100d7f334e38649","The complexity of agricultural ecosystems makes it difficult to accurately measure, quantify and monitor the biogeochemical and natural resource flows that underlie agriculture. There is a lack of analytical tools and mechanisms readily available to measure, value and account for resource use and loss in agricultural production systems. Several efforts are under way to remedy this situation, for example within the framework of the World Overview of Conservation Approaches and Technology (WOCAT) and the Land Degradation Assessment in Drylands (LADA) project.",1,NA,"- Finn: sustainable agriculture (overarching)",NA
"162","f8c5ee200647dd1aa73041663e5373eb","Fertiliser subsidies remain by far the most important programme through which the government provides budgetary support to agriculture. This subsidy is received indirectly by farmers as is channelled through fertiliser companies. These companies are responsible for lowering the price of their final product, which in turn benefits farmers (OECD, 2013b). To ensure the success of the programme, beneficiaries also receive technical guidance from a local agriculture extension officer. The giant is based on a proposal prepared by groups of farmers. The Indonesian government, through the Raskin Programme, buys a given percentage of the total output of rice produced by small-scale farmers.",1,NA,"- Finn: target 2.b",NA
"163","4bb6e0ac4f0ac4d34b182b12327fd04d","Fanning units that showed dominance in specific products were combined to form totals for field crop products, horticultural products and animals and animal products. Farmland plus nature conservation land plus forestry land plus other. Source: Development Bank of Southern Africa. Statistics SA, Census of Agriculture 1993, 2002 and 2007, and agricultural survey 1996. Today there are under 40 000 farming units occupying about 67% of total land of the country, around 86 million hectares. On the other hand, approximately 1.3 million smallholders (that may produce for markets or for selfconsumption) are black.",1,NA,"- Finn: the last sentence makes it a ""yes""",NA
"164","929c03e802296b5d0c1f7e0ba7653a6f","The CCVFV should ask for recommendations from the Ministry of Mining or the MECF if relevant and obtain MIC agreement for foreign projects. Once the application has been approved by the district FAB and the registration fees have been paid (around USD 0.57 per person), the township FAB issues the certificate. Applicants that are cultivating the land should show photos of the cultivated land and the Nay Pyi Taw Council or the region/state department office should approve the issuance of a land use right.",1,NA,"- Finn: target 2.3
- Steve: right to land",NA
"165","9628e25b6601176ef6f0d49f09bc913e","Bt cotton8 and corn, for example, use less herbicides and pesticides, but if these crop varieties develop resistance to the less toxic chemical herbicides and pesticides, future more toxic inputs may be required. In this case, adoption of transgenic crops could have large negative ecological implications if “GE crops are adopted more widely in developing countries where domesticated crops have wild relatives” (Ervin, Glenna and Jussaume, 2010, p. 7). Innovative mechanisms designed to engage the private sector need to be explored: results-based performance contracts—for the development, for example, of improved seed or crop varieties with higher water-stress tolerance and greater responsiveness to fertilizers—granted on a competitive basis may be one means of stimulating private research.",1,NA,"- Finn: sustainable agriculture",NA
"166","2186a2325cf67acf84393267d9a262cc","Allowing for the spillover benefits into other states, state-specific agricultural research investments generated national benefits of between USD 10 and USD 70 per research dollar, averaging USD 32 across the states. The marginal benefit-cost ratio for USDA intramural research was comparable, at USD 18 per dollar invested in research. In fact, however, these ratios are consistent with internal rates of return at the smaller end of the range compared with the general results in the literature as reviewed by Alston et al. ( Some internal rates of return are reported here to facilitate comparisons with other studies.",1,NA,"- Finn: target 2.a",NA
"167","a50199e9d1481614a8ec3f1a6cc6e024","For the projection period, biofuel markets are projected to be highly influenced by mandates and other incentives in countries all over the world, with the US, Brazil and the EU playing major roles, respectively, on ethanol and biodiesel markets. Based on sustained political support for biofuels, the Outlook projects increasing world biofuel prices and these will also be underpinned by rising crude oil and energy prices. The world ethanol price2 should follow an increasing trend to reach USD 54.4 per hi in 2019 supported by demand conditions in the US market where the Conventional Renewable Fuels mandate is assumed to be binding over the entire projection period. These quantities are far above the average 2007-09 base levels.",1,NA,"- Gib: Could be True.
This is not directly related to food, but more on agricultural production: ethanol.",NA
"168","71ae45772c45fb798c426929863b7c89","Authorship is usually collective, but principal w'riters are named. The papers are generally available only in their original language - English or French - with a summary in the other. The opinions expressed and arguments employed are those of the author(s). Comments on Working Papers are welcomed, and may be sent to the Directorate for Employment, Labour and Social Affairs OECD, 2 rue Andre-Pascal, 75775 Paris Cedex 16, France. The author remains responsible for any errors and omissions. The opinions expressed in the paper are the responsibility of the author and do not necessarily reflect those of the OECD or its Member Countries.",1,NA,"- Finn: typo",NA
"169","e0d75a97d79748b9a94e0bc5cfbb71df","The review' of models in this paper highlights emerging systems of models where different modelling approaches are designed to work together coherently. In this way, techniques w'ith different strengths are amalgamated and a broader range of policy questions may be explored. Examples include the system of models developed by the U.S. Congressional Budget Office and by the University of Canberra and Monash University in Australia.",1,NA,"- Finn: typos",NA
"170","4a91d41963b63a4992c4d4e28cd0521e","About half of all NEETs are below 25, although 15-19 year-olds are much less likely to be NEETs than 20-24 and 25-29 year-olds. The proportion of 15-19 year-old NEETs ranges from 7% in Slovenia and 9% in the Slovak Republic to 28% in Mexico and 27% in Chile and Sweden. Numbers are for individuals aged 15-29 years, for the United States, the age range considered is 16-24 because no information on student status is available for individuals aged 25 years and above. Data are for 2011 except for Canada (2009), Ireland (2010) and Mexico (2012).",1,NA,"- Steve: related to health workers (or aspirants) but not really linked to specific SDG 3 objectives",NA
"171","201bac510c7a3df90a04436012f516cc","Despite such initiatives, respondents noted that applications of genomics for stratified medicine delivery remain somewhat limited at present. However, they did mention some important innovations, notably in the field of cancer therapeutics, while national audits show an increase in the provision of novel drugs requiring companion diagnostics. Stratified medicine was seen as helping to address these problems by transforming understanding of the role of genetic variation in disease and enabling more accurate disease classification, diagnosis and targeting of drugs and other interventions.",1,NA,"- Steve: 3.4 (NCD)",NA
"172","ba4a89b4db63964d8937cf5dd7c78715","Finally, the ongoing challenges of a lack of human and financial resources, as well as a lack of adequate data and research methodologies, limit the capacity of governments to design policies that could serve to build an intercultural health system. Efforts that codify, protect and advance the individual and collective rights of indigenous peoples, particularly indigenous women, will therefore also have positive health impacts. Furthermore, there must be ongoing integration of the perspectives and needs of indigenous peoples into global health programmes, plans, projects and policies, including initiatives to achieve the Millennium Development Goals. In order to design more effective health policies, there must also be concerted efforts to create improved systems of data collection and research methodology, including research into traditional medicine that incorporate the participation of indigenous communities and reflect cultural and social considerations relating to the health of those communities.",1,NA,"- Steve: universal health access",NA
"173","d583d85262add34da1f01b3317ea2bfe","All cigarettes and tobacco products must be sold in plain olive green packets without branding. The packets carry graphic health warnings and the laws took effect as of December 2012 (see Figure 2.6 for examples). Plain packaging aims to remove a key remaining means for industry to promote its products to current and potential consumers (Freeman et al., The legislation withstood serious industry opposition and was upheld in the High Court of Australia.",1,NA,"- Finn: in line with WHO tobacco control: https://www.who.int/teams/health-promotion/tobacco-control/implementing
- Steve: 3.a",NA
"174","8d33f0ac65f4da2158c4aef47b19675e","In Viet Nam, access to maternal health care services ranges from 90 per cent in urban areas to as low as 20 per cent in remote areas of the Central Highland and Northern Uplands regions inhabited by indigenous peoples"".35 Similar trends have been recorded throughout Latin America36 as well as in the richer developed countries. However, between the 1980s and the end of the century, a slowing or stalling of indigenous health improvements measured by life expectancy meant that the gap failed to close significantly (Canada) or even widened (New Zealand and the United States). In fact, because indigenous peoples are essentially invisible in the data collection of many international agencies and in most national censuses, the disparities in their health situation as compared to other groups continue to be obscured. Similarly, even when indigenous peoples appear in health data, they are often conceived of as a percentage of a national population, which UNICEF has noted ""can be misleading in as much as the distribution of certain indigenous peoples does not correspond to national boundaries.",1,NA,"- Steve: 3.1",NA
"175","ed42d33e3d6a67562f7cc307600bbf43","It also raised concerns about the higher use of these codes in some specialities, such as orthopaedics and ophthalmology, and instances of inappropriate use. Both the initial report by the Auditor General for Scotland (2013 a), and a follow-up report from later that year (Auditor General for Scotland, 2013b), do importantly note that the use of unavailability codes began to reduce in late 2011, a trend which continued into 2012 and 2013. Much of this work is the Quality and Efficiency Support Team (QuEST) and is described further in Section 2.9.",1,NA,"- Steve: somehow linked to health services but not clear what exactly is referred to here",NA
"176","86e96b41d2e653f597aba256a028d717","About 90% of health funds’ income for providing NHI services comes from government (Figure 2.9), about half of which comes from an earmarked component of national insurance contributions (often referred to as the “health tax”), the rest from general taxation. Almost all of the government-to-fund transfer is through a capitation payment based on the age and sex profile of each fund’s client base and a “remoteness” variable (which was added in 2010 and is discussed further below). In contrast, transfers between the funds and the providers are based on health services provided (or approximations thereof). Hence, in principle, one of the key strengths of the system is that the health funds have incentives to ensure the efficient provision of services and to engage in preventive measures - a healthy client base means fewer costs through the reimbursement system.",1,NA,"- Meike: affordable health care",NA
"177","b0b104da2aa520f7b7eb41a835435069","In estimation (I) in table 4, we include those variables with only a complete set of observations in order to maximize the sample size and hence the robustness of our results. This estimation captures the relation between infant mortality and its determinants for children born between January 1971 and September 2007. In estimation (II) in table 4, we use the same set of variables, but include only the children that were born during the 10-year period prior to the survey, thereby reducing the sample size by about one half (from 41,153 to 19,146).",1,NA,"- Meike: facts, not describing how to reduce
- Steve: 3.2",NA
"178","43f46bbfc53f64ca5efebffb4191c6d6","In the Baltic countries (Latvia, Lithuania and Estonia) and Finland, education was found to be negatively associated with alcohol abuse in men, but positively associated with heavy drinking, but not HED, in women (Helasoja et al., In the Czech Republic, men, single persons and people with low education were found to be at higher risk of hazardous alcohol drinking (Dzurova et al., Conversely, the literature shows an opposite pattern for women, with the higher educated more likely to be hazardous drinkers. In Austria, France, Germany, the Netherlands, and Switzerland, women with higher education were more likely to be hazardous drinkers (Bloomfield et al., This trend in women is confirmed in Germany, France Switzerland, and Norway, whereas in the Czech Republic, Finland, Hungary, and Sweden, less educated women were more likely to be hazardous drinkers (Kuntsche etal,, 2006). In a meta-analysis of 33 countries, part of the GENACIS” project, men and women with greater education were found to be more likely to consume alcohol than their counterparts with less education.",1,NA,"- Steve: 3.5 on substance abuse",NA
"179","6c23f01adc18f5d93e450dedabe82d66","Older persons usually suffer from a combination of these diseases (WHO, 2011). The socioeconomic potential cost of these diseases has risen sharply with population ageing and may affect economic growth (WHO, 2011). Furthermore, the burden of non-communicable diseases is projected to increase, especially in low-income countries.",1,NA,"- Meike: not really about how to reduce these diseases
- Steve: NCDs (3.4)",NA
"180","8e9f2a293b1bb1938f1dce0c9e8aa28e","As described in Mongolia’s 2015 national report, ""Managing the transition from the Millennium Development Goals to the Sustainable Development Goals"", there are considerable discrepancies in children’s health status related to parental education, household income, infrastructure development and geographical location. Additionally, in selected poverty-prone areas, a decline in household income leads to food shortages, which in turn results in malnutrition among infants and under-5-year-old children. In 2015, the infant (under-1-year-old) mortality rate was 15.3, the highest infant mortality rate is observed for the western region (22 per 1,000 live births). In 2016, the average maternal mortality ratio at aimag level was 56.0 per 100,000 live births and the Ulaanbaatar maternal mortality' ratio was 41.8 per 100,000 live births.",1,NA,"- Meike: not explicitly about how to reduce mortality",NA
"181","783db9de8f064c2089f330a8474e61e6","The second aims to cover urban residents without insurance (children, elderly people without pensions and the long-term unemployed) but not migrants. The first two schemes share many features. Membership is voluntary and the central government is to provide a payment for each participant, which the local government is encouraged to match.",1,NA,"- Finn: unclear what kind of insurance: remove from dataset",NA
"182","e3a19d3925110a5204813000179ae9cd","In a subsequent infringement suit, the Federal Circuit found that the claim had been narrowed in scope to the use of HPMC as release agent. Generic competitors were free to use buproprion hydrochloride in combination with release agents other than HPMC. A claim “comprising” elements A and B is open in its literal meaning to an additional element C, as long as C does not modify the overall character of the invention. Third parties producing a generic substitute comprising elements A, B, and C are therefore likely to be held liable for infringement of the literal scope of the patent.",1,NA,"- Meike: it is about patents for eye drops but does not refer to the diseases in the targets",NA
"183","d432cb8d0f06c907a5b2d0fe98c195d8","These achievements, however, have been driven largely by sales of natural resources, leaving Kazakhstan vulnerable to volatility in global commodity prices. Nevertheless, the health care system still retains the hallmarks of a transitional economy undergoing profound restructuring. Despite some improvement, Kazakhstan’s health outcomes continue to lag behind those of the OECD countries and reveal some worrying regional inequalities.",1,NA,"- Steve: universal health care access",NA
"184","6aba6178ad898def449287701e64563b","Results have been less satisfactory for vulnerable road users, however, there has been a reduction of only a third in pedestrian and cyclist fatalities over the last decade. In terms of killed PTW riders, here, too, results were disappointing, with a reduction of only 14% in fatalities. The safety of vulnerable road users continues to be a core road safety issue, not least in lower income countries. In Germany, Switzerland and the Netherlands, the rate in terms of fatalities per 100 000 population has been divided by more than six.",1,NA,"- Steve: 3.6",NA
"185","4961cefe210a9cdf59c48c6a5f2702e8","At the central level, the Ministry of Local Government and Rural Development plays a key role in urban governance, with a wide range of controlling authority over urban local government institutions. Two types of urban local bodies, known as city corporations and pourashavas, have massive public, environmental and primary health care mandates. They are both directly elected by the local people. Out of the 522 urban areas5 identified by the 1991 Census Commission (Bangladesh 1993), only 316 urban centres have local governments.",1,NA,"- Finn: primary health care mandate = ???
- Steve: not strongly linked to SDG 3 or its targets though health care is mentioned but without commitment, sentiment etc",NA
"186","522801414d5d983e2d78044623b8aadf","All monetary' amounts are expressed in 2010 constant dollars. Model results were found to be within the ranges reported in the literature and in conformance with the theoretical expectation that small firms would have a more elastic demand for health insurance than would larger firms. Sensitivity analysis, where different combinations of potential covariates were used to estimate firm utility, was undertaken and the base case model specification was determined to be the most appropriate. A sensitivity analysis was undertaken where the probability of offering a new insurance option (one of the options available through the new insurance exchanges) estimated from the model was adjusted downward to match other estimates in the literature.",1,NA,"- Steve: no sentiment, value in the statement, it does not state if this new health insurance option will have any impact on things like universal health care access etc.",NA
"187","8c2a2e034426605b9ee555e9301f044d","In 2014, an amendment Act came into effect that banned the use of animal testing in clinical trials, effectively bringing the industry and product development to a standstill. Retail regulations due to come into force in November 2015 would allow for the licensing of the sale, both wholesale and retail, of psychoactive substances, and the licensing of retail premises. As of 1 June 2015, approximately 37 local authorities had adopted local approved product policies, which provided directions about where psychoactive products may be sold in a particular area. Cannabis is the most trafficked and widely abused drug throughout Oceania. The Australian Crime Commission has reported that, despite illicit domestic cultivation, the quantity of cannabis seized at the border in the 2013/14 reporting period was the highest in the past decade.",0.3333333333,"remove ""and widely abused"" to avoid ambiguity related to target 3.5: target 3.5 is specificially about substance abuse, not drug trafficking in general","- Steve: not so much on substance abuse but more on trafficking",NA
"188","a289651fad47a0b109478f3a91d16d42","The tax, originally intended to be set at almost EUR 1 per kilogram of product, was subsequently dropped to EUR 0.75 per kilogram. At the same time, the existing excise tax on soft drinks was raised from 4.5 cents to 7.5 cents per litre. The tax affects both drinks with added sugars and drinks with artificial sweeteners.",1,NA,"- Finn: indirect
- Steve: linked to obesity but not really to specific SDG 3 objectives",NA
"189","75a8cd4f8598ffa4ab94743afd4eb851","Indeed in the UN General Assembly Resolution A/RES/70/260 adopted in April 2016, member states embraced Safe System principles of “shared responsibility to move towards a world free from road traffic fatalities and serious injuries”. The challenge now is to accelerate the implementation of the Global Plan by harnessing the added impetus provided by the SDGs and encouraging all UN member states to achieve the greatest possible reduction in the number of road casualties. In this phase of commitment and renewal in international road safety work, wider application of the Safe System concept can play a leading role. First and foremost, a Safe System helps to overcome the risk of a bias towards behavioural measures in road injury prevention.",0.3333333333,"target 3.6","- Steve: 3.6",NA
"190","8725365f7e805a83a9e1b8aab7e5d06a","In Latin America and the Caribbean, the association between household wealth and child survival is comparable to that of Asia, with a child from the richest quintile having a relative risk of only 70 per cent that for a child from the poorest quintile. Of the three regions, Africa is the region where the association between household wealth and child survival seems to be the lowest. This finding is consistent with the conclusion that household wealth has a substantial causal impact on levels of child mortality and may account for a large portion of the observed differentials. The knowledge and practices that could save the lives of children tend to be more prevalent among women with a level of education higher than primary.",1,NA,"- Finn: target 3.2
- Steve: child mortality",NA
"191","383e52ea026e6c3c2913c9bf5ad71fe6","In terms of maritime trafficking, remote coastal areas of Honduras and parts of northern Nicaragua are also used. Once offloaded, shipments are moved further north by air.28 In Nicaragua, most cocaine is seized in remote, underpopulated and isolated areas along the Atlantic coast. Drug trafficking by sea remains a major problem in Central America and the Caribbean. In addition, light aircraft operating from clandestine airstrips in remote areas of South America are increasingly being used to transport cocaine.",0.3333333333,"target 3.5 is specificially about substance abuse, not drug trafficking in general","- Finn: too generic
- Meike: it is about drug trafficing but not about use of drugs",NA
"192","a28fc3f92f4ba5a0c61b09bb42be2de4","Missing data were extrapolated only if a country was missing an observation for a specific year and where such missing data points were bounded non-missing data. Annual country-specific data on unemployment were taken from the OECD’s Labour Force Statistics. A separate regression, using the same independent variables, is estimated for each health indicator using robust standard errors, clustered on the basis of the country.",1,NA,"- Meike: factual",NA
"193","1e5aae0abbef00e7c55949dd2f9e30aa","Child labour in the construction sector is most prevalent in urban areas. In 2015, most of the children working in construction were boys and had begun work aged 15-18. They did not have a written contract, many were not equipped with proper safety equipment and almost half of them suffered injuries at work. Safety equipment is used only occasionally and over half of them suffered accidents at work.",1,NA,"- Steve: Workers rights, health and safety, but no directly addressed by SDG 3 (SDG 8 instead)",NA
"194","2e76fb646edd76c00a4847a4671047c6","Drug trafficking in West Africa may have an impact on the abuse of certain types of drugs, such as cannabis, cocaine, heroin and amphetamine-type stimulants, in the subregion. The increase in drug trafficking has been accompanied not only by growing illicit drug use, especially among younger people, but also by increasing activities of organized criminal groups. In West and Central Africa, organized crime continues to contribute to social and economic costs by increasing drug trafficking and addiction and by concentrating wealth and power in the hands of comparatively few well-armed criminals.",1,NA,"- Meike: idem
- Steve: substance abuse (not only trafficking)",NA
"195","86fff0c7f74531f1bdb9ce539d0672c4","In no event shall the World Health Organization or the International Telecommunication Union be liable for damages arising from its use. Copyediting and proofreading was done by Elisabeth Heseltine and layout and design was done by Aram Melikyan. The origins of the Initiative lie in the response to the Moscow Declaration on NCDs, the Political Declaration on NCDs to identify concrete actions to be undertaken by Member States, and actions of the WHO Global NCD Action Plan 2013-2020, marking when the WHO decided to scale up activities to reduce the global burden of NCDs using innovative technologies.",0.3333333333,NA,"- Steve: NCDs (3.4)","typo"
"196","e32e9d2dd3a9e269f69749f468eb0ae8","This is not an easy task when class size varies greatly due to the existence of rural or remote schools. Difficulties also emerge in the consideration of students’ and schools’ needs in the formula (e.g. curriculum requirements, school equipment, students’ learning pace). A balance needs to be struck between a simple formula, which might fail to capture everything, and a sophisticated formula, which might be difficult to understand and adjustment might result in unexpected and unwelcomed results.",1,NA,"- Steve: education access + quality",NA
"197","68a3cf0993f4c001f38cef0051bde89c","Furthermore, it is not clear, however, that the region's population has the knowledge and skills necessary to “move up the value chain” as needed to compete in the regional and global economy. The significant urban-rural disparities in socioeconomic conditions and educational attainment between Penang and the other states in the Northern Corridor Economic Region also present challenges. Tertiary education institutions should work together towards better alignment of their education provision with the needs of the region.",1,NA,"- Finn: target 4.4",NA
"198","69b4e48d872a028ec5df61bcd08a935c","Similarly, Poland has achieved significant improvement in the OECD Programme for International Student Assessment (PISA). While the performance of Polish 15-year-olds was still below the OECD average in 2000, it now surpasses that average by a sizeable margin. Poland has also made remarkable progress in terms of the health outcomes of its citizens.",1,NA,"- Steve: can be seen as link to 4.4? Assuming PISA can be used as a proxy for assessing level of relevant skills among pupils",NA
"199","bdff6bf6142bf685416e99c9c9271293","This puts them at a disadvantage when they start school, it also prevents their mothers from working and helping their families out of poverty. The most effective measure that Costa Rica can take to halt rising inequality and give every child a fair chance to succeed in learning and life is to prioritise the expansion of quality ECEC, focusing on the most disadvantaged populations. In 2014, the government established the National Network for Childcare and Development {Red Nacional de Cuido y Desarrollo Infantil, REDCUDI) to improve co-ordination between different public and private providers. The new policy framework to guide the development of services for children aged 0 to 8 represents the first attempt to provide a truly comprehensive, rights-based approach to ECEC in Costa Rica.",1,NA,"- Finn: ECEC = Early Childhood Education and Care
- Steve: ECEC = EarlY Childhood and Education Care",NA
"200","aed3ce86b71a3cac3a572df213d26394","More importantly, even the industrial placements that do occur appear to be peripheral to the students’ core academic programme and academic staffs responsibilities. The School of Computer Sciences visited by the OECD team is a major exception to this observation. Some universities, such as the University of Aalborg in Denmark, have also taken steps to embed employability and transferable skills in their core curriculum through problem-based learning in multidisciplinary teams (see Box 2.1.) Co-op education in Canadian universities helps students of all disciplines to complete work terms in industry as part of their curriculum (see Box 2.2.",1,NA,"- Finn: target 4.4",NA
"201","cdea746e6bf796781138b2d335948999","Counsellors prepare an education plan jointly with the pupils and their parents to ensure a smooth transition into upper secondary education and employment. Those aged 15-17 are a special target group. In case of school non-attendance, counsellors have to get in touch with the youth’s parents within five days after being notified by the school, and youth must be able to begin an activity within 30 days.",1,NA,"- Finn: unsure",NA
"202","cf5485bab818052acc7ab0b85370dfef","Because context is key in the process of policy design and implementation, results may vary from one education system to another, and a specific policy from one country might not have similar results in another. Across many countries, greater decentralisation has devolved responsibilities to regional or local authorities, and schools and ministries of education and their related institutions have taken on a guiding and support role. This has affected policy-making dynamics and incentives for regional and local governments. In these systems, consistency, capacity and leadership at the municipality level are crucial.",1,NA,"- Meike: about schools but not leraning
- Steve: Not sure, rather vague and no explicit link to SDG 4 or its objectives",NA
"203","c6fde3fa5e2254d61168fd1b58c69886","They listed care-giving and family responsibilities among the top three reasons for not participating in the workplace. These did not feature high on the list of reasons for not working cited by men. Furthermore, young people born outside their country of residence are 1.5 times more likely to be NEET than those without immigrant backgrounds.",1,NA,"- Steve: though NEET link not specifically linked to SDG 4",NA
"204","3b3752f00296d0efb6e5b87d65c1c7a1","A new body could take overall responsibility for the entire VET system at upper secondary and post-secondary levels, including the relationship with social partners. The OECD team noted a widely shared commitment across different stakeholders to work together to address policy reform and to work with industry partners, a newly established council must take advantage of this environment. An earlier Council for Human Resources established in 2000 sought to design a national training and employment strategy. According to the information available in other OECD reports and the background report provided by the local team, a significant consequence of the implementation of this strategy was the reorganisation and consolidation of VET programmes in recent years (OECD, 2010b, SPU-MoHE, 2012:37).",1,NA,"- Finn: VET = Vocational education and training initiatives
- Steve: on VET",NA
"205","401919c9a3282b2b5f92b581d03ffdc5","Getting Choice Right: Ensuring Equity and Efficiency in Education Policy, Brookings Institution Press, Washington, DC. Handbook of the Economics o/Education, Vol. Panel estimates from PISA”, Journal 0/Develop merit Economics, Vol. Recruiting, retaining, and creating quality teachers”, Nordic Economic Policy Review, Nordic Council of Ministers, Copenhagen, pp.",1,NA,"- Finn: target 4.c",NA
"206","bcee84e364c9f6790ba7bf235ec64880","It is true that digitalisation has contributed to the rise in populism and the establishment of a post-factual world that can work against rational policy making. But the very same forces, whether in the form of more and better data or new statistical and analytical tools, have also massively expanded the scope and power of social research to create a more evidence-based environment for the development of effective policies. The first PISA assessment in 2000 was able to explain about a third of the performance variation among schools across the participating countries, but in 2015 that figure had risen to 85%. That means that most of the performance differences among schools can now be statistically associated and explained, with data from students, parents, teachers and school principals, even if the causal nature of many of those relationships remains still insufficiently understood. One reason for the difficulty in reforming education is simply the scale and reach of the sector. Schools are among the biggest areas of public spending.",1,NA,"- Meike: not sure how this contributes to a target, more overarching theme",NA
"207","09193adb1b3f08e715949d64c8b9e5b7","According to estimates for 2012 co-financing represented 11% of the total budget in private-subsidised schools (Paredes et al., The recently approved Inclusion Law (Ley de Inclusion) eliminates shared funding in private-subsidised schools. The implementation of the law will be gradual and schools will be compensated financially through a new grant (see also Chapter 1).",1,NA,"- Meike: about private vs subsidized education
- Steve: no explicit link to SDG 4 objectives",NA
"208","876758eb9e474126fab84995836a0d0a","New firms are those most likely to generate the most radical innovations and successfully bring them to market, while also creating spillover effects for others. Targeted public support may help those firms that managed to weather the crisis and raise their productivity to now focus on the need to acquire new skills and knowledge assets. The country is less innovative than it used to be.",1,NA,"- Steve: on developing relevant skills, but quite weak link",NA
"209","4b1fb23adc3b646fdd15ca22834bf426","Studies on maternal employment during early childhood from the United States cannot be assumed to generalise to other countries: The United States is unique in the lack of guaranteed maternity leave, contributing to an earlier return of new mothers to the labour force. Studies from multiple countries that capitalise on policy variations and reforms related to maternity leave generally suggest little impact on child outcomes based on the length of leave mothers can access (Baker and Milligan, 2011 [i63i, Dustmann and Schonberg, 2012[i64j, Liu and Skans, 2010[i65i, Washbrook etal., However, mothers’ return to work within six months of children’s birth may be negatively associated with children’s cognitive outcomes, especially if mothers work full-time.",1,NA,"- Steve: though vaguely linked to early childhood development",NA
"210","119b3368b29be421c1c3aec66858b34e","Human capital is not only a determinant of economic growth and productivity, it is also one of social cohesion and well-being because with higher-level skills and quality jobs, people tend to live healthier. Rural areas of the state tend to be more marginalised than the urban, particularly metropolitan, areas. Territorial disparities are also noticed in students’ school performance as children living in the central and southern parts of the state tend to perform more poorly than those living in the northern part of Morelos.",1,NA,"- Finn: target 4.5",NA
"211","8fd9b2c0f89eef4142adbe2ecf3113a4","On a scale of 1 (very low) to 5 (very high), “High innovation” corresponded to scores of 4 and 5. The indicators presented below capture innovation as a significant change in key practices. On average, more than two-thirds of tertiary graduates (69%) across all sectors perceived their workplace to be highly innovative for at least one type of innovation.",1,NA,"- Steve: tertiary graduates not explicit enough and not linking to specific objective",NA
"212","2df872b230a2f384b0507aeae4734238","In addition, the college provides college-level opportunities for special needs adults who by Israeli law are entitled to state-supported education till the age of 21. The college also has a centre for giftedness and excellence which prepares students to teach these special needs students and provides services to the region's teachers and schools in this field. Key needs of the Arab community in Israel were recently identified in a market survey that helped the institution to identify its focus areas: occupation therapy, computer science, environmental science, entrepreneurship and business management, theology and Holy Land studies, speech therapy, biotechnology and nutrition science. Study programmes integrate practice, education and theory.",1,NA,"- Finn: target 4.5 (equal access)",NA
"213","b9b04f3806a7a5651200a5bef4d48f88","Public higher education institutions receive funding directly from the national government in the form of a subsidy for education and research. The Czech School Inspectorate indicates that the proportion of publicly funded schools has decreased recently, while privately funded schools and gymnasia have increased. Church schools are fully supported from national funds. There is little private funding for vocational education and training programmes.",1,NA,"- Meike: mostly about funding",NA
"214","3f0a4f0938a3f7d856f0f5b34c25c572","Welfare states may also experience the financial burden of supporting individuals who are constantly cycling in and out of low-paid work. Such costs to the state can be related to unemployment benefits and other out of work cash transfers and any in-work cash transfers intended to supplement the income of low-paid workers from low-income households (Thompson, 2015).To reduce the number of working poor, as well as to cut down on public expenditure costs in the long run, governments should look towards policy solutions that improve job security and increase the wages of low-paid-workers (Europa, 2013). According to a working paper on the relationship between age and skills using data from the Survey of Adult Skills (Paccagnella, 2016), a negative relationship between literacy and age exists. Literacy declines with age, especially after age 45. In Denmark, Ireland, Norway and Sweden, literacy proficiency falls substantially with age. Adults aged 55 to 64 have 18% to 23% lower literacy proficiency than 25-34 year-olds, even after various socio-economic and demographic factors are taken into account.",1,NA,"- Steve: 4.6",NA
"215","168a4a9b405b098b66acdea2c4c2f82b","In literacy, inequality is at the OECD average and has widened over time (SNAE, 2013a). The socio-economic background of pupils influences their results in mathematics somewhat less than the OECD average, but there is room for improvement, exemplified by Finland and Estonia, who achieve both higher results and greater equity. Variations between schools in PISA results are limited in all the Nordics.",1,NA,"- Steve: Educational equity",NA
"216","2438da4d8de37f60d365023f9e0ceb37","A pilot of this programme in 2010 supported nine projects. The extent of the benefit depends on the score obtained in the university selection test (PSU). It includes at the minimum the payment of 100% of tuition fees if the student is above a given cut-off score. But it can also include a monthly stipend (if above a higher cut-off score) and a semester studying abroad (if above an even higher cut-off score). There are indications that, as a result of this initiative, the average PSU score of students entering teacher education has increased in 2011. A further initiative is the “Choose to Teach” (Elige Educar) campaign which seeks to promote teaching through a variety of actions, including the monitoring of the social status of teaching, scholarships for individuals with experience outside education who would like to join teaching, and interventions in schools to provide information about teaching and raise awareness among school agents of the importance of teaching as a profession.",1,NA,"- Finn: target 4.b (weak)",NA
"217","17a7e2b5d5f0548cc19c4def20237eee","Unweighted average of EU member countries that are also members of the OECD, excluding Luxembourg. Although, there is some portability of financial support, it is unlikely to provide sufficient means to study abroad without additional private resources. For example, students studying abroad for a limited period, primarily through the ERASMUS programme, can continue to receive scholarships (merit-based, Zois, and means-tested, national scholarship) under the same conditions as the students remaining in Slovenia (for further details on the scholarships, see Box 3.4 of OECD, 2009b). If students go abroad to study in programmes that are not available in Slovenia or they can prove that studying abroad will substantially enhance their expertise and employability, they also can claim the national scholarships for the entire duration of studies.",1,NA,"- Meike: it is about scholarships but not really for developing countries (target 4a)
- Steve: 4.b, though not strictly in deverloping countries context",NA
"218","7dd31831353b1c24035678f08f1d535a","The Magneton track provides for dual cooperation between academic groups and industrial company. The aim is to transfer technologies resulting from academic research. Grants are up to USD 800 000. A kibbutz (plural kibbutzim) is a collective community in Israel that was traditionally based on agriculture. Today, farming has been partly surpassed by industrial plants and high-tech enterprises.",1,NA,"- Steve: more on 9.5",NA
"219","60f73476ebc6060f803927840fce0b6a","Teachers have financial and career-based incentives to participate in short training courses. They can also participate in activities organised by the subject-specific pedagogical advisor in each region, but they hardly ever receive direct support in the classroom as there is only one advisor for 800 teachers. Further tests of teachers’ knowledge of science and mathematics are planned for 2017. The appraisal is expected to look at teachers' professional development, attitudes, human relations, and discipline. High success rates suggest that the appraisal is largely seen as an administrative requirement rather than a process to improve teachers' performance (MEP, 2016). In 2015, virtually all teachers (98%) received an excellent or very good appraisal, and less than 0.1% (15 teachers in Costa Rica) received a regular or unsatisfactory performance appraisal.",1,NA,"- Finn: target 4.c (negative example)",NA
"220","97056e9d8418caf1b9cb18de4249b46a","While all female-headed households with outstanding loans used land as collateral, male-headed households also used livestock, houses and other property (UNCTAD, 2014). Major obstacles include target groups’ lack of awareness and inability to comply with lending requirements. Cooperatives and other civil society organizations could serve as a bridge between these lending institutions and individual women, but establishment and registration procedures are often cumbersome and involve high transaction costs, and civil society organizations often lack the financial and human resources necessary to perform such a role on a large scale (UNCTAD, 2014).",0.5,"women's economic inclusion falls under target 5.a","- Steve: vaguely linked to 5.a on women ownership and access to economic resources",NA
"221","46085ee4d03cb4e81ad600c2469e9814","A growing proportion of initiation ceremonies are being devised by Christian groups to teach young people about what is expected of them as they enter adulthood - including pre-marital sexual abstinence - as an alternative to the alleged sexual focus of teaching in traditional practice (Munthali, 2007). Ncaca, 2014).The last decade has seen increasing public debate about whether and how male circumcision should be continued following media reports of problems including commercialisation, malpractice by guardians, and deaths or permanent injury from botched circumcision (Ntombana, 2011b). However, studies also report the beneficial role of circumcision against sexually transmitted infections (Lagarde et al.,",0.5,"sexual and reproductive rights and health falls under target 5.6","- Steve: would link to 5.3 on eliminating harmful practices, but indicators explicitly mention women and not men",NA
"222","6a390516c7b15f3b27739ce3b4337184","Although a number of countries, mostly in Europe, that have adopted such measures have experienced modest increases in fertility between 2000-2005 and 2005-2010 (United Nations, 2013a), the implementation and effectiveness of such measures have been difficult to ascertain. While the percentage of Governments with policies to raise fertility has increased steadily from just 9 per cent in 1976 to 27 per cent in 2013, the percentage of Governments with policies to lower fertility increased from 27 per cent in 1976 to 42 per cent in 1996, and then remained at 43 per cent in 2013. During this time, the percentage of Governments that did not have policies to influence fertility has declined steadily from 52 per cent in 1976 to 13 per cent in 2013 (table III.l). In 1976, only about one in every five Governments in more developed regions had policies to raise fertility, but by 2013 this proportion had risen steadily to more than two thirds.",0.5,"fertility policy is not about SDG 5, more about demographics","- Gib: not specifically about women",NA
"223","2619f36e9742dfe92717ebfcf7b0250c","Addressing structural inequalities also requires an approach that cuts across silos. For example, promoting women’s business ownership requires a smart policy mix, which, among others, takes into consideration gender impacts of regulatory policies and competition frameworks, while removing potential barriers in access to public procurement and finance. These efforts must be coupled with an enabling social infrastructure (e.g. accessible and affordable child/elderly care) to reduce the burden of unpaid care work, as well as partnerships between the public and private sectors.",1,NA,"- Meike: tthe examples show that the inequality mentioned in frist sentence relates to gender inequalty",NA
"224","7d9eea8c9d93b2273037530717ae79ec","Providing employers with a code of good practice can help them to navigate the existing legislation, which can often be complex, and reduce non-compliance. Lowering the burden of proof for plaintiffs and shifting it to employers can be a step in the right direction, but should be accompanied by measures to help complainants gather the necessary evidence to initiate the case and sustain the costs of the trial (OECD, 2008, Chapter 3). In the early 2000s, most European countries lowered the burden of proof for plaintiffs, who are now only required to provide evidence of differential treatment without having to prove that it was indeed due to discrimination.",1,NA,"- Finn: not specific to gender",NA
"225","33f15d8472ee9dac57b488d9ad445543","In a mega-city such as Lagos, Nigeria, planners are trying to redevelop neighbourhoods and create more cohesive, manageable and livable communities. Nations like Ethiopia and India have launched campaigns to end child marriages and prevent life-threatening adolescent pregnancies. With good planning and thoughtful policies. When young people can claim their rights to health, education and decent working conditions, they become a powerful force for economic development and positive change. Throughout the developing world, social scientists and policymakers want to make the most of large youthful populations, for the sake of hopeful young people themselves as well as in the interests of economic growth and development.",1,NA,"- Meike: policy to protect girls",NA
"226","097588fda30192cce1b6fb3efb5a1f66","As we would expect, these proportions increase with age such that between half and three quarters of older adolescents are working, or seeking work. However, adolescents frequently combine school and work. Research in South Africa and Zimbabwe on distribution shows that most working adolescents live in very poor households in rural areas and are engaged in subsistence agriculture, many combining this with domestic work (including care) and commercial agriculture (Robson, 2004, Bray, 2012, Dawes et al.,",1,NA,"- Meike: not about women per se
- Steve: no gender ref",NA
"227","5d71c3bd1a3b9b86517b23e200483317","Enrolment is increasing in all regions of the world but still varies widely between and within regions. In Central and Eastern Europe, and Latin America and the Caribbean, enrolment is high due to a historically strong public education sector. In Central Asia, the Arab States and sub-Saharan Africa, enrolment rates are very low, although there are some intra-regional variations. Even in regions with better coverage, the inclusion of marginalized populations is still a challenge. In the Arab States, private providers cover almost half of all enrolment and in Africa around 60 percent. In Kenya, for example, the government programmes target children aged 4 to 5 years, even though the policy framework identifies children within the 0 to 5 age range as intended beneficiaries.",1,NA,"- Steve: not specifically linked to any gender-related aspects",NA
"228","7f640e6d16c269e5e8b2f71de1be4ae5","Evidence brought together in this review suggests that such attempts would also require working with existing power structures at local levels, and perhaps more broadly. It also requires substantial local choice, power, management and ultimately ownership of both the ""trigger"" (the actual stimulus for change) and the process (Panter-Brick et al., 2006).Thus far, parenting programmes are the chosen trigger through which the feasibility of offering parenting support is being tested in the region. However, there are many other models that exist around the world (Daly et al.,",1,NA,"- Steve: no direct gender-related reference",NA
"229","afb2f20182972c1ba7041c3f86b05e84","It is an average of the squares of its five sub-indices (equation 10). It ranges from 0, indicating very low levels of discrimination, to 1, indicating very high levels of discrimination. Three-years average (2009-11). Three-years average (2009-11). Three-years average (2009-11). Three-years average (2009-11).",1,NA,"- Finn: not specific to gender
- Steve: not clear what kind of discrimination against whom",NA
"230","15ef01a67332f8f91841d700c1bafbf3","Emergency contraception is a method to prevent pregnancy within five days of unprotected intercourse, failure or misuse of a contraceptive (such as a forgotten pill), rape or coerced sex. It disrupts ovulation and reduces the likelihood of pregnancy by up to 90 per cent. It cannot prevent implantation of a fertilized egg, harm a developing embryo or end a pregnancy. Even in countries where emergency contraception is available, adolescents may be reluctant to obtain it from traditional health outlets, such as clinics, which may be staffed by judgmental providers. The initiative trained pharmacy staff and peer educators to provide accurate, up-to-date information on emergency contraception and other reproductive health services.",1,NA,"- Steve: 5.6",NA
"231","34e246391352524b78302363287313a1","In addition to sexuality education, this effort involves implementing change processes in health services and putting in place guidelines and care protocols for prevention and for the sexual and reproductive health of this population, with an approach that differs from the one used for the adult population. The countries of Latin America have made significant progress in this direction, through different instruments. To this end there is a specific list of medicines that must be provided free to the requestor, with a proper medical prescription.",1,NA,"- Meike: reproductive health, implied to benefit gender equality
- Steve: 5.6",NA
"232","244c387f232fa8b0e81f78f3793a63f5","In Article 198, the law defines ‘marital rape’ as any act of sexual intercourse committed by one spouse on the other by violence, threat or trickery. The penalty for ‘marital rape’ is found in Article 199, where is provided that such a person shall be liable to a term of imprisonment of at least two (2) months but less than six (6) months and a fine of one hundred thousand (100,000) to three hundred thousand (300,000) Rwandan francs or one of these penalties. If ‘marital rape’ results in an ordinary disease, the offender shall be liable to a term of imprisonment of six (6) months to two (2) years.",1,NA,"- Meike: end harmful practice
- Steve: 5.2 and 5.3",NA
"233","54adceba3c4278906b489527f4097858","An efficient use of ICT can disseminate government information to a broader audience in a fast and convenient manner. At the initial stage of national e-Government development, an ideal point of entry for developing countries would be setting up a website for the national gender machinery. The website, as an official gateway to gender-related policies and programmes, would provide a ready access to online information ranging from the organizational structure of the national gender machinery to government statistics, publications, government services and programmes aimed for women’s empowerment. Through the use of technology, the interaction between the governments and women can be stimulated and become more effective. Basic forms of interactivity available through emails, downloadable forms, discussion forums and online polls not only provide an improved delivery of basic services, but also build up a basis for online participation.",1,NA,"- Meike: promote gender equality via website
- Steve: 5.b",NA
"234","d6ca8e89fd99a81141f2fc79638f5711","In 2008, an estimated 44 million induced abortions occurred in the world (6 million in developed countries and 38 million in developing countries), almost half of which were carried out using unsafe procedures (Guttmacher Institute, 2012). Globally, it is estimated that 47,000 women die each year from complications associated with unsafe abortion. Many of these deaths could be prevented through better access to sexuality education, contraceptive information and supplies, and safe abortion services where allowed by law (Shah and Ahman, 2010).",1,NA,"- Steve: 5.6",NA
"235","a983e648796057f81f6185b8e43331c3","However, the larger agenda of recognition of the care needs of migrants and valuation of social reproduction as a central axis of the analysis of migration would require the tough political challenge of transformative, universalized access to childcare services in both Australia and Lebanon that is delinked from parents'income levels,from productivist assumptions (as in Australia) and from parents’ migrant status (as in Lebanon). Power,production and social reproduction: Human in/security in the global political economy. In Transnational Families, Migration and the Circulation of Care: Understanding Mobility and Absence in Family Life, edited by Loretta Baldassar and Laura Merla.",1,NA,"- Gib: not specific enough to be about women",NA
"236","4c1b31c7bec2e84a3ca6802a5c46a8ca","The maturity stages of e-Government for Gender Equality, which is an adaptation of the EGDI’s four-stage model, suggest key characteristics of the e-Government evolution regarding the usefulness of contents and services, technical sophistication and ease of use, degree of integration, etc. The framework was used for the analysis of national gender machinery websites from 11 countries presented in Chapter 3 of this report. They have links to ministries, departments and other branches of government.",1,NA,"- Steve: 5.b",NA
"237","e95d9b6864d5595d1cd7f4e8dca7d4d2","Another 25 per cent said that they would like to stay in the Russian Federation and live there permanently, while 21 per cent said that they would like to live in the Russian Federation for several years and then return home permanently (Tyuryukanova, 2011, p. 155). Among them, females from Uzbekistan more often wanted to ""come and go"" (66 per cent) and were the least willing to apply for Russian citizenship (70 per cent of them did not have such plans) (Tyuryukanova, 2011, pp. Contrary to these findings, another survey of Central Asian female migrants in the Russian Federation showed that 70 per cent of them had firm plans to return home (Agadjanian and others, 2014).",1,NA,"- Meike: about migration among women, not about equality
- Steve: no direct link to objectives of SDG 5",NA
"238","dacdf4451bcdcd917e1f922f2349752f","Target 3.7 calls for universal access to sexual and reproductive health care services (including family planning), information and education, which would help to prevent adolescent childbearing and unintended pregnancies. Globally, childbearing among adolescents declined by 21 per cent between 2000 and 2015. Central and Southern Asia made the greatest progress: the region reduced the adolescent birth rate by more than 50 per cent, largely due to advances in Southern Asia.",1,NA,"- Steve: links also to 5.6",NA
"239","db3642428aed20e21239f80b89d96d02","Recent studies of high growth start-ups in the United States find that only 10-15% of them are founded by women (Brush etal., Looking more specifically at start-up funding, several studies have shown that women are extremely under-represented among venture-backed entrepreneurs in the United States. Gompers and Wang (2017[i2]) find that just 10.7% of US venture-backed founders were women from 2010-2015. 2014(H)) estimate the number to be 15% using data from 2011-2013.",1,NA,"- Meike: it mentions that women are less likely entrepeneurs, but now whether (and how) this would be increased. but extremely underrepresented has a negative connotation",NA
"240","d0a96662f990a04e6eec02af04738769","A widow will receive one-eighth of her deceased husband’s assets or one-fourth if he has no children. For example, it is not uncommon for the family to pressure female heirs into relinquishing their full inheritance rights in favour of male relatives. Many women do not know that they can refuse to cede their rights or can appeal to the courts.",1,NA,"- Steve: access to economic rresources",NA
"241","d86780cec7d02f4c9590e02a42f77295","One of the targets of Goal 8 of the 2030 Agenda for Sustainable Development is the reduction in the number of young people in this situation, which means there is a need for information that explains the barriers to their integration into the labour market and the education system. The time-use data for this age group show that, on average, women who are out of school and the labour market spend at least 40 hours per week on unpaid domestic work, which confirms that they are not in school and not being paid for their work (ECLAC, 2016a). For example, in Costa Rica and Mexico, young people spend more than 70 hours per week on domestic and care work (see figure IV.6).",1,NA,"- Meike: doesnt say how unpaid domestic work will be more equally distributed",NA
"242","6c1f5aea016e803275bc8304b47a0147","Following a typical banking model may not be sufficient to cater to the financial and non-financial needs of unbanked women. Savings and credit products need to be fine-tuned to cater to the various lifecycle needs of women, such as children’s education, a daughter’s marriage or long-term saving for old age and medical emergencies. While savings and credit products remain the most important pillars for a women-owned/ managed SACO, other services such as financial literacy awareness programmes, insurance services or pension products can also be delivered through the same co-operative banking channel, if regulatory institutions permit such product offering. Although the grass-roots women owners and senior managers of the SACO need to be mentored and trained in the initial years, it is necessary to let them lead and choose the path for the organisation once they have matured in their leadership roles. As their sense of ownership increases, the women become more involved in runningthese enterprises. Grass-roots women are more aware of the key challenges that plague poor women clients.",1,NA,"- Steve: 5.a",NA
"243","4d07e5e027cb0c07a4c1e9f269c70c0d","Djibouti Law of 27 December 2007. With the arrival of many citizens from African countries and from transit countries, Egypt is becoming a transit zone for women, or crossing South-East Asia, the former Soviet Union and Eastern Europe. What is more, since 2003 the Suez Canal has been considered a very important factor in the trafficking of human beings and of counterfeit goods. Amongst these missions, the committee must draw up plans for the implementation, supervised implementation and revision of legislation in order to prevent human trafficking, and also to draw up proposals or recommendations, and to publish a national directory including instructions and pertinent educational material, and the adoption of measures that aim to protect victims of human trafficking. The committee will also lead an awareness-raising campaign for the benefit of employers who bring in foreign workers, on issues relating to human trafficking, and will also examine reports of national and international organisations on the banning of human trafficking, and co-operate with all official and non-official programmes that provide social support for victims affected physically or psychologically or people affected by human trafficking crimes.",1,NA,"- Meike: trafficking is referred to, and in 2nd sentence that this applies to trafficking of women. so for rest of text it is implied about women?
- Steve: 5.2",NA
"244","13bd9f055dab0f9d915f1ab5c8617225","At the regional level, the right to equality and non-discrimination is also guaranteed by, for example, the African Charter on Human and People's Rights (arts. This means that States must take all necessary legislative, administrative and other measures to ensure that no family may be subject to discrimination on any ground. Any right, benefit, privilege or obligation to one ‘family’ (e.g., in social or welfare benefits, inheritance, social security and pensions) must be accorded to all of them.",1,NA,"- Finn: not specific to gender?
- Gib: not specifically about women
- Steve: missing gender dimension",NA
"245","4b3e00eda804bc06de54bf2c37995ede","Providing both parents with flexible work schedules and the possibility of short-term part-time work can also ease tensions between caregiving and work as children age (Chapter 4). Designed to be used around childbirth and when children are very young, employment-protected leave provides job security while allowing mothers to recuperate from childbirth and gives both parents time to care for young children. Paid leave gives families valuable income support at a time of increased stress on household budgets.",1,NA,"- Steve: 5.4",NA
"246","f9180ca14ff754bcd98d9ea8e1d7314f","Organized in the Red de Genera y Familia, the first step was convening Care Dialogues, an advocacy strategy which aimed to raise the visibility of care on the public agenda.154 But in contrast to the above-mentioned cases, it was die engagement with the ruling party, Frente Amplio, and the inclusion of the SNIC as part of the electoral campaign programme for 2010-2015 that proved crucial.155 Care thus became a political, and not only a technical, public policy issue. Because the importance of unpaid care and domestic work had already been recognized, the discussion could centre on concrete policy design and implementation. These data have yielded, for example, measurements of “time poverty”168 and its relation with income poverty.",0.5,"unpaid care works falls under target 5.4","- Gib: Assuming that caregivers and domestic workers are likely to be women. Could also be false.
- Steve: links to 5.4 but does not mention gender-specific issue in the context of unpaid domestic work, but 5.4 does not have gender-specific focus",NA
"247","810c738ee49a6592c53e055950cddf2e","Leaders and managers in organisations, who likely made time sacrifices to reach their current rank, often have difficulty accepting that work can be done in fewer hours. In some workplaces, “non-compliers” - those employees who opt to take flexible work hours and family leave - may actually be punished via denied promotions, reduced visibility to superiors, or exclusion from important projects. In-office “face time” remains an important metric of evaluating employees, even if it does not correspond with output (Elsbach and Cable, 2012).",1,NA,"- Finn: this is indirectly limiting women's ability to take leadership roles
- Gib: Can eventually be extrapolated to women vs men work opportunity. But this is not explicit here.",NA
"248","f040d7270a4160b55f0ba9f8508bfb76","They entail wide-ranging coordination between different authorities, i.e., they are not the exclusive responsibility of labour ministries (ECLAC, 2005). Labour regulation policies, on the other hand, are those that act upon the relationship between workers and employers through provisions designed to secure rights: non-discrimination, minimum wages and social security, among others. Labour market policies, for their part, have the object of combating unemployment, mitigating its effects and supporting the population at risk of joblessness. These policies can be divided into passive ones designed to offset the loss of pay, such as subsidies, and active ones, which are meant to preserve existing jobs and support the creation of new ones, help the unemployed find work, facilitate the connection between labour supply and demand and improve the skills of the unemployed and those working in microenterprises and small businesses (Samaniego, 2002).",1,NA,"- Finn: not specific to gender",NA
"249","55c60103d7e2e1c6ed363d26dc4eadf0","Typically, species diversity is low, and a portion of the ecosystems are isolated ecological islands, ecosystems that are not in a direct connection to other similar environments. This causes these ecosystems to be highly vulnerable to disturbance, often unique, and plausibly non-restorable. Additionally, summers are short and characterized by relatively low average temperatures.",1,NA,"- Gib: ecosystem and climate could be related to water supply. But this is very vauge in the passage.
- Steve: not clear what type of ecosystems",NA
"250","6d575d433b69337ce08917e4f3f56c00","It is common to find projects focused on rural or peri-urban areas to try to close access gaps with urban areas. Affordability concerns are already being integrated in project preparation in many water sector projects. However, the equitable access dimension related to vulnerable and marginalized groups is rarely considered (with maybe the exception of schools and healthcare centers).",0.5,"affordable water sector project (target 6.1)","- Gib: Weakly SDG 6: SDG 6 is not the main theme. Water projects are used as an example.",NA
"251","224dbf31bad9ca93b423335245ff4726","Partial information is available on infrastructure needs and on the costs of water resources management. In the OECD and Big 5 economies annual expenditures in the range of USD 770 billion are projected up to 2015 and over USD 1 trillion by 2025 (see OECD, 2006)!. Not least in OECD countries, environmental pressures will continue to grow, as will the expectations of the general public with respect to environmental protection and natural resource management. These factors are expected to add significantly to the costs incurred in the supply of water services and wastewater treatment.",0.5,"overaching theme of SDG 6","- Meike: not really about SDG 6, more about the costs of water management",NA
"252","b6010f622e4a7d8d0cf38ff5fc8dd1eb","In many OECD and non-OECD countries, local governments can also play an important role in this regard. In decentralised governance systems, local authorities may be authorised to raise taxes and/or incur debt, usually within prescribed limits (OECD, 2009b). Mature capital and financial markets may provide creditworthy municipalities with capital for investment in water and sanitation infrastructure. Fiscal transfers from central budgets are also a source of investment capital in some countries.",0.5,"water and sanitation fall under the overarching theme of SDG 6","- Gib: borderline false. It's not clear if this passage is about different financial instruments to support specifically SDG-6 projects or just everything and water projects are mentioned as an example.",NA
"253","bc111077debeb960bd0f35a402a342ab","Out of 223 river water bodies on the Tisza River and its tributaries, 75 were designated as heavily modified (75 with final status, 4 with provisional status and 2 have unknown status) representing 34% of the total river water bodies. In the Ukrainian part, a large part of the landfills for solid municipal waste have exceeded their design capacity. Flood events, including the floods in August 2002, highlighted the problem of inundation of landfills, dump sites and storage facilities where harmful substances are deposited.",0.5,"modified water bodies are related to target 6.6; water pollution from landfills is related to target 6.3","- Steve: 6.5, 6.6",NA
"254","b59bdaec80528f7627ddabe04ce23c66","Hydropower production is common in the upper part of the basin, and cascades of dams form big reservoirs.87 Many small dams arc used for irrigation purposes and fish-breeding. In Turkey, seven dams and one regulator are under operation on the Ergenc River and its tributaries, serving irrigation, flood control and some drinking water supply purposes (15% of drinking water of Edime and Kirldareli cities is supplied from two reservoirs, Suloglu and Armagan). There arc also 53 small dams located on several tributaries used for irrigation.",1,NA,"- Finn: value neutral?",NA
"255","7a9487042d8a39f2be26b5b50d5f6b16","Another obstacle to proper implementation of the WFD is the conflict between national authorities and the regions, as well as regulatory uncertainty due to the perception of continuous changes in the institutional framework. Indeed, when the river basin authorities became river district authorities, the central government acquired more power regarding river basin management while the distribution of power among the state and the regions had previously been more clearly defined. The district authority is now considered a source of conflict between the state and regions, instead of being a planning and co-ordinating authority.",1,NA,"- Meike: target 6a? it is about water management but not directlybrelated to the targets",NA
"256","f4384c30406c295e57936bf1d18b3bd6","On the other hand, investments that are not coordinated with neighbouring countries may lead to inefficiency, over-capacities, energy poverty, negative environmental impacts (some through water) and political tension. Such problems are likely to be exacerbated if harmonized environmental standards are lacking. Global Tracking Framework: UNECE Progress in Sustainable Energy (United Nations, Geneva, 2017). Renewable Energy in the Water, Energy and Food Nexus (IRENA, Abu Dhabi, 2015).",1,NA,"- Steve: water only marginally mentioned",NA
"257","d2eb9f0f554ab2f0677525dbdc30c8fa","There is a 56% shortage of environmental impact management officers at the provincial level (DEA, 2010). Many municipalities have no staff positions dedicated to environmental management. The number of vacancies is high because of a combination of factors, including high staff turnover and low wages due to the lack of funding. This affects the ability of environmental departments to attract and retain staff.",1,NA,"- Gib: not specific on water",NA
"258","293539159874fe17f32fe069c99f9d42","While the increase is modest as a percentage change, it is considerable in coverage when viewed as a net number. This reflects the high population growth rates in Arab countries and the importance of pursing water-related investments for increased service provision for the un-served as well as keeping pace with population growth trends.27 Figure 8 compares access to drinking water from the “piped on premises” source (or house connection), other improved sources and unimproved sources for the years 1990 and 2011. Despite the lack of complete data sets for all Arab countries, available national averages were used in calculating the regional average in order to compare and report on the progress of access to drinking water sources and sanitation facilities in the Arab region during the period 1990-2011. It is therefore important to highlight that the presented number of population with access to improved water sources and sanitation facilities at the regional level are approximate.",1,NA,"- Meike: seems mmore fact stating, but about the value-laden access to water",NA
"259","8dd04597ba512ba94dc6d0f17a9f3eb3","There is no mechanism regarding decontamination of orphan sites, however, and no financial means exists for the government to take such action. Environmental authorities have made an inventory of publicly owned sites contaminated by pesticides, but no remediation has yet taken place due to a lack of funding (Chapter 5). Law 491 of 1999 requires projects requiring licences (i.e. the largest ones, with the highest environmental risks) to take out insurance covering environmental damage.",1,NA,"- Steve: not clear remediation of what?",NA
"260","c4a4a98d9d74ab0062b48951acca73a7","An instrument such as the Pact could be used to accompany such a gradual devolution of responsibility. There are basins where charges have been applied at federal level, but not yet at all state levels, as in the case of the Sao Francisco, Doce and Paranaiba River basins.5 This may also create limitations in terms of the financial autonomy of the water agencies, given the fewer resources available (ANA, 2016). Some delegated water agencies have to deal with both federal and state authorities and face difficulties in applying different set of rules, inspections and more or less stringent regulation.",1,NA,"- Steve: water resource management",NA
"261","ef53387dd06ba3d66ec8984b832cae34","As such, IBCC has been helpful in co-ordinating between various local conservancy districts with state-level agencies and local stakeholders. This is useful in so far as there are so many conservancy districts in Colorado that almost none have jurisdiction over an entire a river basin. In order to account for all alternatives, co-operation is therefore necessary.",1,NA,"- Finn: What do we do with abbreviations / names?
- Steve: Can this be seen as link to effective water resource management?",NA
"262","27e389324f83149986c8ee1761c6d4ce","Further to the Kenyan Water Act of 2002, the small water project has to sign a Service Provision Agreement (SPA) with the Water Service Board (WSB) in whose jurisdiction it falls (for example, the Athi Water Services Board-AWSB for the area surrounding Nairobi). Upon successful completion of the project, the Global Partnership for Output-based Aid (GPOBA) pays subsidies to the small piped water project (figure below), which reduces the overall size of the loan to the communities, and keeps debt service payments affordable. It also provides better risk management from the lender’s perspective and increases incentives for project completion as the subsidy is transferred upon the delivery of agreed outputs (including the increase in the number of connections and changes in revenues collected).",1,NA,"- Meike: about policy wrt water",NA
"263","3c5688b66fee4ec3b7e8619aff64d0dc","When the provision of services involves the same network there may be “joint” costs, “common” costs, or netwoik benefits. This is despite the fact that there may be some relevant differences in circumstances between particular customers that will not be closely reflected in the resulting charges. When considering issues of practicability, it is important to recognise that the availability of information is likely to evolve over time. This means that Ofwat retains the possibility of changing the way costs are assessed depending upon available information. Failing to do so raises equity issues, as future generations will have to foot the bill, either through decayed infrastructure or increased public debt. Typically, all things being equal, industry or municipalities should have an incentive to develop in regions where water is abundant and competition between water users is minimal, and they should cover the costs of a reliable access to water.",1,NA,"- Finn: typo",NA
"264","19b24785bedfd95c65044687cf41f00b","Recommended actions in sphere (2) and then (3) are conditional on the efforts undertaken at the hotspot location and may become secondary if hotspot level risks are well managed. Source: Author’s own work. As for most regions, water risk hotspots require well-functioning generic water policies (OECD, 2016a).",1,NA,"- Meike: maybe more stating a problem, than addressing a target",NA
"265","ef4ae876ece58664e870c413fdb477bd","Understanding that there is also a ""hydro-social cycle"" draws attention to gender dimensions. At every stage of the hydro-social cycle there are different demands, risks and benefits for women and for men. This responsibility becomes even greater in the face of pervasive water quality problems in both developed and developing countries, which will become worse with climate disruption.",1,NA,"- Gib: borderline false. It mentions a concept that should be considered when measuring impacts or planing SDG-6 projects.",NA
"266","b0da37102ff6aed6a761d91dbe6d73d6","National goals for hydroelectricity are set according to water policies and targets, although this still has to be implemented at the basin level. The Environment Agency is now working with the Energy Saving Trust to develop policy in this area to target hot water use as a way of mitigating climate change. Plans for renewable energy take into account the increasing needs generated by desalination plants, irrigation modernisation, water reuse, aquifer management in periods of droughts, etc.",1,NA,"- Steve: water use efficiency",NA
"267","1eca910742f0434b93cbfacb51f112f0","This chapter therefore focuses on those linkages where maximum benefit can be derived in terms of water for people, for a healthy environment and for the economy. This reflects the integrated, indivisible and interlinked nature of all SDGs. Water and sanitation have a particular role to play in the 2030 Agenda, because of their centrality to each of the three dimensions that cut across all SDGs (society, economy and environment).",1,NA,"- Meike: general theme",NA
"268","70a60926e08ab52d30a91f2a0761156b","In particular, small farmers and indigenous communities are still under-represented, and greater participation of irrigation districts and units would contribute to the sustainability of catchments and the balance of aquifers. River basin organisations and river basin councils report to different constituencies and there are only limited platforms to share concerns and take consistent and mutually beneficial decisions. Coordination is currently undertaken on an ad hoc basis.",1,NA,"- Finn: target 6.b",NA
"269","a672b4fe42af48f0a703345db8d04626","The Darkosh records show a minimal, though statistically significant, negative trend (Figure 6). From Darkosh onwards, if not before, the Orontes can be considered a regulated river. Despite data gaps, the latter shows a quite regular variability,'8with drier and wetter periods compared to the mean, and no extreme drought or flood periods (Figure 6). Generally, the downstream station Jisr al Shughur (15,130 km2) exhibits a high-flow season from December to May and a low-flow season from June to November.",1,NA,"- Gib: Just a description of the state of river. Related to SDG-6 as a piece of information for policy design or for measuring the policy impact. But it is not related to targets.
- Steve: not directly linked to SDG 6 objectives, water-related aspects not enough",NA
"270","df1aa532c8e5ee75a9edc4180034e745","The improvement of housing provision in rural areas is achieved by considerable self-build construction of single-family houses. In cities and towrns, housing construction is mainly led by the private sector and aimed at wealthy customers, a decent housing market remains unaffordable for average households because of their low annual incomes. At present, how'ever, there is neither a policy nor a state programme for development of social housing and affordable housing for rent. Budget funding of new' construction projects for those recognized as being in need of housing improvements is scarce.",1,NA,"- Finn: typo",NA
"271","00864801b442bb957360e47bfe0575d9","More males than females suffer and die from diarrhoea in every region except South-East Asia. Absence or inadequate provision of public toilets for women reflects - and reinforces - women's exclusion from public power and public spaces more generally. Yet many millions of people in the world lack even the most rudimentary means of obtaining safe water, while billions do not have sanitation facilities that are protected from outside contamination (UN 2015, UN 2014, UN-Women 2014, WHO and UNICEF 2014). Water and sanitation access, demand, provision, priority, health, organization and policy are gendered, even if this is manifested in different ways in different places. The gendered dimensions of the water, sanitation and hygiene (WASH) sector are increasingly reflected in public policy agendas, but concrete results have been partial and uneven. Water was generally thought of as a physical resource whose provision was determined, for the most part, by the hydrological cycle and physical infrastructure.",1,NA,"- Steve: sanitation, hygiene for all",NA
"272","38951c3b4c7f6b14ce6a52cf0e6a0358","The green economy must not disturb the balance of the pillars of sustainable development. It was quite noticeable that the mistrust of the intent of the green economy, as expressed by some governments in the Rio+20 process, was a factor in the national consideration as there were lingering concerns on interpretation and implementation modalities. In this regard, the community-based organisation (CBO)/NGO responses were highly focused on social development, poverty eradication and livelihood issues. He outlined, ‘We accept that our tools will include a green and a blue economy based on various national approaches.",1,NA,"- Steve: blue economy relates more to SDG 14",NA
"273","2b089c95518b64a19eb99b95f0872983","The technical capacity of individual establishments to respond adequately to environmental protection and resource management questions is also an important factor. Annual corporate environmental protection expend!* To provide a holistic view of a country’s efforts towards sustaining and protecting the environment, policymakers, analysts and civil society require statistics on environmental governance and regulation at the national level. The magnitude of these activities can inform about the extent of institutional development, availability of resources, and the existence and enforcement of regulatory and market instruments whose primary purpose is to protect, regulate and manage the changing environment. Successful national environmental governance requires institutional strength, as well as regulatory capabilities.",1,NA,"- Gib: Not specific on water",NA
"274","9a7cdadf30f254a2a1d8a9922ea5d212","R&D efforts (the environmental component of the CORE Programme), ecotechnologies (the new 2009 Action Plan), energy savings (2008 National Energy Efficiency Plan) and the promotion of public transport are all part of a new conception of the environment as an economic opportunity. But as Luxembourg looks ahead post-crisis, it is not certain that environmental action will receive greater priority, beyond the country’s European commitments. Health risk factors, and environmental ones in particular, are regularly checked and the results are often published.",1,NA,"- Gib: not specific to water",NA
"275","d974c1ee71b4e0f13b3df4e577c038e4","This corresponded to 32% of the total final energy consumption in the entire region. In parallel, India’s industry will play an increasingly important role as a driver for energy consumption in the region. While India’s industry accounted for 7% of the TFC in emerging Asia in 2013, this share is expected to increase to 13% by 2040.",0.3333333333,"the notion of ""growing energy consumption"" relates to target 7.3","the notion of ""growing energy consumption"" relates to target 7.3",NA
"276","29d5da40fe85cc32f02d021b960ce2f8","Large areas of about 500 000 km2 between Mumbai and Bhopal and in Gujarat are covered by thick basalt layers. If basalt is shown to be a suitable cap rock, it is estimated that this would allow storage of 300 Gt C02 (Sonde, 2007). Three of the nine sites designated so far for UMPP projects are on the coast not far from these potential storage areas.13 For inland sites relying on domestic coal, additional costs of USD 5/tC02 for transporting the C02 are expected compared to coastal sites (Mott MacDonald, 2008). Gas consumption has been rapidly growing at a rate of 8% between 1990 and 2009.",0.3333333333,"but remove the last sentence","but remove the last sentence",NA
"277","0bc3671b295153b56be5727afdf182de","On the production side (industry, commerce and agriculture), significant changes are expected as the economy grows nearly eightfold. This implies a massive expansion of the commercial/services sector (by a factor of six), a significant expansion of manufacturing activity, and more limited growth of activity in agriculture. However, water needs to be pumped from increasing depth and this is the main source of electricity demand in agriculture. Sources: IEA, 2009b, IEA, 2010a, IEA, 2009c.",0.5,"the last sentence is tricky. We would consider it SDG 7 only, if it was something like ""this is the main source of the growing electricity demand in agriculture""","the last sentence is tricky. We would consider it SDG 7 only, if it was something like ""this is the main source of the growing electricity demand in agriculture""",NA
"278","1f58c4b1c412bf3dfc7812daa145daa7","Many off-shore wind farms have already been built and some governments are actively pursuing the large-scale deployment of this technology. Other low-carbon technologies such as CCS, which has a huge potential, are less mature and require a longer-term vision. Even where carbon pricing has been introduced, these technology policies have been kept or even accelerated.",0.3333333333,"accidental mis-classification","accidental mis-classification",NA
"279","5c18bc73a355e3bb2f41f8006c717c65","In addition, in 2014, EUR 5.8 mln from local budgets was used to finance eneigy efficiency measures (EEA, 2015). To date, there have been three calls. The first, in 2013, was launched for public institutions (including schools and hospitals), resulting in the selection of 86 projects worth a total of MDL 135 mln (about EUR 78 000 per project on average).",0.3333333333,"as long as we fix the typo","as long as we fix the typo",NA
"280","4c567911242e96a326b0d95605fa3573","Since poor households tend to consume little electricity, they would likely benefit from overall reduced rates, or a “lifeline rate”. Commercial and industrial users could be charged higher rates, while SMEs would need more favourable treatment. Other ways to mobilize resources through tariffs include setting a transparent surcharge applied to higher income, commercial or industrial consumers, and using the proceeds to extend the service to poorer consumers.",0.3333333333,"The ""rate"" in the text could be referring to something other than electricity (e.g., water rate). To remove the ambiguity, we add the word ""energy"" in the text: ""... transparent energy surcharge ...""","The ""rate"" in the text could be referring to something other than electricity (e.g., water rate). To remove the ambiguity, we add the word ""energy"" in the text: ""... transparent energy surcharge ...""",NA
"281","4a01cc17157fe6fb3a1155729326dc7f","By creating an enabling environment for the emergence of income-generating or income-improving activities, electrification projects can directly contribute to poverty eradication policies. Benefits for agricultural production include irrigation (perhaps with the use of water pumps), increased utilization of motors, food processing, refrigeration and also better access to training through information and communication technologies (ICT). Successful electrification programmes linked to agriculture would not only result in more competitive farming and create employment opportunities, but would also improve trading opportunities and local food security, including through the reduction of post-harvest losses.",0.3333333333,"accidental mis-classification","accidental mis-classification",NA
"282","30c83a848738f5d86d6bd284107e5232","In the EU, for instance, there was a rapid increase in the market share of the most energy-efficient appliances. Sales of Class A refrigerators increased from less than 5 per cent of total sales in 1995 to 23 per cent in 2000 and 61 per cent in 2005, in addition, 19 per cent of refrigerators sold in 2005 were in the two new, more efficient classes (A+ and A++). For washing machines, progress was even more rapid: with an increase in sales of 1 per cent in 1996, 38 per cent in 2000 and 90 per cent in 2005.",0.3333333333,"Tricky because the sentence is about market share of energy-efficient devices, not devices becoming more energy-efficient. We add the sentence ""Over the past decades, appliances have become increasingly energy-efficient."" to the beginning to reduce ambiguity.","Tricky because the sentence is about market share of energy-efficient devices, not devices becoming more energy-efficient. We add the sentence ""Over the past decades, appliances have become increasingly energy-efficient."" to the beginning to reduce ambiguity.",NA
"283","54ea1a17294068beedbd2b0050a6c3b6","These, however, also constitute opportunities for those responsible for tourism and water policy to work closely together. In the future, tourism-related water use intensities are expected to increase, while water availability in many regions will become more restricted due to competing uses and climate change leading to lower precipitation levels in many regions. In order to adapt to inevitable changes in water availability, as well as to mitigate its own contribution to climate change and its pressure on limited water resources, tourism needs to engage with policy areas responsible for energy- and water management, with a clear focus on policy making, including compliance with national greenhouse gas reduction goals, building codes, measurement and charging of water consumption, compliance with water benchmarks, and, possibly, mandatory education for staff in accommodation to engage in water saving measures.",1,NA,"- Finn: target 8.9
- Steve: weakly linked though",NA
"284","ceca1a25230442cdf238d3dc258c47b4","Additionally, training and awareness-raising with business leaders could also be useful in promoting a wider understanding and recognition of the importance of RBC. Educational institutions such as business schools can be important platforms. Adoption of the Guidelines and the UN Guiding Principles should be actively encouraged, as promoting local capacity and adopting practices that permit the transfer and rapid diffusion of technologies and know-how is encouraged under the Guidelines.",1,NA,"- Finn: RBC = Responsible Business Conduct
- Steve: more SDG 9",NA
"285","b84d08223323e7afafc5f48d8e17ac0b","The most advanced of these is the US Small Business Administration (SBA) in co-operation with the SBA Office of Advocacy (which actually sets legal quotas for the proportion of federal government contracts to be awarded to small businesses). Good practice measures also exist in Canada, Denmark, Korea, the United Kingdom, Romania and others. A number of European good practices are noted in the “SMEs’ access to public procurement” section of the European Commission 2009 document, “European Charter for Small Enterprises: 2009 Good Practice Selection” (European Commission, 2009).",1,NA,"- Finn: target 8.3
- Steve: support to SMEs",NA
"286","6514e2ec414dee5c4e735ae7ee853163","Setting clear, long term, and legally binding frameworks to mainstream and encourage green growth are also key to attracting private investment. It also signed the Convention on International Trade in Endangered Species in 1997. On commitments related to climate change, Cambodia ratified the Kyoto Protocol on greenhouse gas emissions in 2002. More recently, the country submitted a Nationally Determined Contribution (NDC) to the UNFCCC in 2015 and signed the Paris Agreement in 2016.",1,NA,"- Finn: green growth -> target 8.4",NA
"287","8dbf999b85b45c12a96b9122f3092ceb","Comparisons are made between the human capital of native-born and foreign-bom workers, including with regard to skills mismatch. This chapter aims to conduct an empirical investigation of the labour market position of immigrants in Ghana based on a review of labour market indicators regarding migrant workers in comparison with native-bom workers. The review will be complemented in Chapter 4 by a formal econometric examination of the labour market impact of immigration.",1,NA,"- Finn: target 8.8?
- Steve: 8.8",NA
"288","810bc3a6e3eb8645e93f5ba9f742e3a0","This outlines a simple set of steps on how to build a workforce plan for a business. It includes leading practice techniques, tools and case studies to support businesses in workforce planning and ensure they have the right workers and skills to meet their needs. For more information on Australia’s labour and skills initiatives please visit www.tourism.gov.au/labour.",1,NA,"- Finn: labour and skills initiatives -> target 8.3",NA
"289","d4ca9b3c5310bcc08d6e6e9263fa798b","The experience of the networks showed that for an effective co-operation it is crucial to identify the right partners, win them over for an active co-operation and embed the resulting network in the existing support structures of the regioa An important learning of the programme was that it takes time to develop these structures. However, such structures are the prerequisite for developing specific support services and embed those in needs-oriented “service chains”. The accompanying monitoring of the programme found that most networks devoted themselves to linking up service chains and optimising interfaces.",1,NA,"- Finn: typo",NA
"290","9ee9395745e5fe3f5833113e7ef7cb33","To align with policy discussions, ‘emergency management’ is the term adopted in this discussion paper. Leveraging these synergies requires building awareness of tourism’s potential role in assisting and enhancing emergency management and how emergency management policies can assist tourism agencies (e.g. to reduce the potential negative impacts of misinformation on the recovery of affected destinations/attractions and other destinations within affected countries) in all PPRR phases, and particularly the destination recovery process. In practice, integration between tourism and emergency management policies has been very limited and quite narrow in focus in most countries. This is partly because the focus of tourism agencies has traditionally been on implementing specific actions to mitigate the effects of a disaster or event on tourism businesses (i.e. managing the reputational effects on the destination) and restoring the capacity of tourism businesses (i.e. recovery of markets and profitability).",1,NA,"- Steve: no link to sustainable tourism practices",NA
"291","e2804f2d25629ff8797c49c0505133e9","Chile and Colombia’s gender gaps in LFP are around 22 percentage points, which is still worse than the OECD average but closer to the estimated average of about 25 percentage points across the Latin America and Caribbean (LAC) region (ILO 2016). Recent improvements in female labour market participation (and reductions in gender gaps) in the LAC region have been tied to greater female education, decreasing fertility and increases in the provision of subsidised childcare (ILO 2016). Data from Peru come from selected urban areas. Other countries’ samples are nationally representative.",1,NA,"- Finn: target 8.5",NA
"292","84bdc7174a9e2949e354a93b486c15d4","In addition to operating as independent non-banking financial institutions, SOFOLES and SOFOMES have received rising funding from SPYME and NAFINSA to deliver programmes at the local level, which has enabled them to develop also at a period of general crisis. The reverse side is that, in spite of their original objective to encourage SME development, the range of loan size in which these institutions operate suggests that they are rather more active in the consumer credit market and that, as a result, business credit is still concentrated in a few traditional large banks. At present, there are seven large banks in Mexico, six of which are foreign-owned, that accounts for 84% of the total assets in the banking sector.",1,NA,"- Finn: target 8.3",NA
"293","2fceff92708c0b6f4104b8082e25a737","Where data are insufficient or differences small, lower and upper middle-income countries will be looked at as a single middle-income country (MIC) category. Then the definitions are detailed for each labour market concept used in this report, which concludes with an explanation of the data used. Young people under 15 fall under the ILO’s child labour convention and should not be working.",1,NA,"- Finn: child labor -> target 8.7",NA
"294","a2a1406ca4e1c582fd4b56ba0e361c57","The government has made efforts to improve the legal and regulatory framework for addressing these crimes, but capacity issues remain a persistent challenge in enforcing the existing laws. The legal framework could be further aligned with international norms. In November 2015, all ASEAN member states signed the ASEAN Convention against Trafficking in Persons, Especially Women and Children. In December 2015, the Lao National Assembly approved the first trafficking-specific law, promulgated in February 2016 (US Department of State, 2016).",1,NA,"- Steve: 8.7 child trafficking",NA
"295","cbc788c78b9886366b0521094a2edf33","However, women in skill cells with a higher share of foreign-bom women do appear to earn higher incomes at the national level. This could be due to the increased participation of native-born women in the labour market due to immigrant women taking over childcare and household services (Furtado, 2015, Peri, 2014, see also Chapters 3 and 5). Furthermore, a significant and positive regional effect is observed when considering the impact on real wages of South African-bom workers - a one percentage point increase in the share of immigrants is associated with an almost 1% increase in the real wages of the native-born workers (Table 4.A2.1). By 2011, foreign-bom employment in agriculture and even more so in industry (including mining) decreased, and more foreign-bom workers became employed in the growing service sectors of the economy.",1,NA,"- Finn: related to inclusive and decent work",NA
"296","76aaab5887c56c3f6d2c97e741eaa1c4","Far more low-skilled immigrant workers enter the country through other channels: nationality verification, Memorandum of Understanding (MOU), One Stop Service Centre (OSSC), or as border/seasonal workers. The majority of low-skilled immigrants obtain regular status through the nationality verification and OSSC channels, jointly totalling approximately 2.6 million workers. These immigrant workers originate from Cambodia, the Lao People’s Democratic Republic (Lao PDR) and Myanmar. Immigration policies in Thailand have been criticised for “lagging behind reality"", and policy makers appear to be struggling to develop an adequate framework for the governance of migration flows. This is in part due to the diverging perceptions of immigration by employers and workers, while at the same time policy makers aim to govern migration flows in such a way that the economy benefits.",0.333333333333333,"focused on general migration policy (such as target 10.7) rather than ensuring safe working environment for migrants","- Finn: last sentence is tricky",NA
"297","3899bd899382564e073059b53cfc1183","Support here rightly focuses upon the creation of new activities in innovative intermediate and high-tech areas and upgrading amongst existing businesses. There is evidence that support is being taken up by individuals and businesses on upward development trajectories. This initiating and stimulating effect of public funds is welcome and positive. However, such successful recipients have sometimes continued to receive further and ongoing support.",1,NA,"- Finn: target 8.2",NA
"298","f550d577560074d0d2f4eb65f39397cc","Festivals and events of this type often provide opportunities to showcase sectors such as culture, music, gastronomy, and the arts. In addition, the economic impact of urban tourism more generally can extend to surrounding rural areas through supply chains to meet growing demand for locally produced food, wine, arts and crafts. It thus presents important economic benefits to rural areas and constitutes an increasingly important market segment, providing significant opportunities for rural businesses to diversify income opportunities (e.g. farm stays) and participate in local supply chains.",1,NA,"- Finn: diversify income -> target 8.2",NA
"299","f3e80fc85cf7b4a468a62ff28ca4efbb","Such measures include regular workshops, conferences and publications developed in close cooperation with the ministries responsible for transport and for the environment, and the Austrian Rail Company (OBB). Actions are carried out with a view to inform and sensitise stakeholders (tourism, transport, and environment) at national, regional and local levels, concerning sustainable forms of tourism mobility and successful initiatives and projects in this area. This conference was organised as a networking platform to give an overview of the needs and challenges of future tourism mobility. Discussions focussed around the importance of cooperation of the various actors in the fields of tourism, transport and the environment, in order to create mobility solutions to and within tourism destinations that are customer friendly, simple, affordable and sustainable.",1,NA,"- Finn: target 8.9",NA
"300","f93f5e6bf2a33f85a00866d38c5d8eef","Understanding these differences could help low- and middle-income countries formulate immigration and integration policies that maximise the development potential of immigration. They were selected based on their interest in the project, a substantial (but varying) share of immigrants and a relatively low share of humanitarian immigrants. By working with a diverse group of countries in terms of their geographic location and economic and immigration history and characteristics, the project aimed to provide an indication of the range of possible economic impacts of immigration in developing countries. It therefore addressed not only stakeholders in the ten partner countries, but equally policy makers and other interested parties in other low- and middle-income countries with mid-sized to large immigrant populations.",0.333333333333333,"link to ""economic impacts"" is not specific to sustainable / inclusive economy","- Finn: indirect link to economy",NA
"301","1d2811c85968a7c6a2b056b9cbe04d1d","Available evidence also suggests that unemployed youth in South Africa are at higher risk of contracting HIV than employed youth (UNAIDS, 2004). Even for non-infected youth, HIV infection of other household members may bring onerous care burdens, either of the sick individual themselves or their children who require care, sometimes requiring the healthy individual to withdraw from the labour market. Such care burdens may also constrain the amount of time available for employment or job search activities. Over the past decade there has been a substantial expansion in three main categories of social grant: the pension grant, the disability grant and the child support grant.",1,NA,"- Finn: not inclusive",NA
"302","3141431a3a1e6f1a353dbf8ba9bfd0a2","Changes in existing processes can only be considered R&D if new methods are applied to improve current processes. While always being closely linked to the System of National Accounts (SNA), the 2008 revision of the SNA adopted the Frascati definitions and derived data to change the treatment of R&D from being intermediate consumption to investments. This change had implications on the calculation of GDP as R&D would be considered production. The re-classification resulted in an increase in GDP by on average 2.2 percentage points in OECD countries. (",1,NA,"- Steve: no value, call toaction",NA
"303","3b97c24b18de80bb2859fb240600e042","This raises growth opportunities at the national level, and creates space for raising public revenue that can be used for further development expenditure. However, with the lack of infrastructure availability, economic growth suffers and this has a negative impact on the possibility of raising public revenues. Therefore, while inadequate infrastructure leads to a vicious cycle of weak public services and disincentives for private sector investment for economic activities, improving infrastructure helps Governments to generate revenue by strengthening growth. In the short term, building infrastructure boosts aggregate demand through increased construction activity and the creation of employment In the long term, infrastructure investment can boost economic growth by increasing the supply capacity of an economy (World Bank, 2012).5 Infrastructure development and maintenance have several policy implications due to their nature and sustained financing needs.",1,NA,"- Finn: target 9.1",NA
"304","6262a83a143a8a35121adab422e9b942","The unbalanced growth model is based around exploiting scale economies and complementarities in favoured sectors that can induce more investment and productivity growth. Those sectors, in Hirschman’s framework, have more backward and forward linkages, the former referring to provision of inputs from other activities and sectors, the latter to demand for new activities. The development policy challenge is, accordingly, about identifying lead sectors, addressing missing linkages and strengthening inter-industry and intersectoral interdependencies to boost productivity growth. In this sequence, infrastructure would follow rather than lead the growth process. It is laigely around this sequencing issue that differences between balanced and unbalanced growth strategies emerged in early development policy debates (see box 4.2). Despite these differences, there was general agreement that in most developing countries, investment in general, and in infrastructure, in particular, involves a series of non-marginal adjustments that are poorly coordinated by markets and for which planning techniques of various kinds are desirable.",1,NA,"- Finn: industry growth",NA
"305","85c3b72aeb7dac86b9d06614abc02e01","The DAC are also discussing ways to improve knowledge sharing, promote learning, and incentivise innovation in development co-operation policies and practices. While the details of such marker are not yet defined, the proposal to add a new marker on innovation signals DAC members’ increasing ambition towards greater innovation in how development co-operation is planned and implemented. While there are many technological developments across many fields, most references in STI policy are linked to the digital transformation and the access and use of modern information, communication technologies (ICTs).",1,NA,"- Finn: target 9.c",NA
"306","c8ae2566de3f3a0e943b728b66ce8500","The framework requires that infrastructure development is seen from a holistic perspective in terms of these interdependencies and that planning horizons are longer term, accounting for the full lifespan of the system and of the individual assets. Relational databases that enable us to structure and analyze data have been part of mainstream product offerings since the mid to late 1970s. Spatial databases to represent objects defined in geometric space are common today, as are geospatial systems that enable us to work with detailed geographical information.",0.333333333333333,"was an oversight","- Finn: target 9.1 (quality / sustainable)",NA
"307","de6512eebaf0eaafc7fa866eb637576a","Prior to this configuration (1975-98), the administrative structure included over three times the number of vovoideships and the powiat level did not exist. There are three legal types of municipalities: 1) urban communes, 2) rural communes, 3) uiban-mral communes. These are translated into country-specific recommendations and target objectives.8 Within the EU policy framework there is scope for country members to determine their own complementary priority areas and as such, Poland’s rural policies are a mix of both EU and national priorities (involving the co-financing and co-management of funds).",1,NA,"- Finn: typos",NA
"308","f1af0af932c136f20d7e4f646caff3ef","Innovative pricing schemes, such as dynamic discounting, are also helping to make the service more affordable for low-income groups. It is home to the countries with the lowest mobile-cellular price baskets worldwide: Sri Lanka and Bangladesh, where prices stand out at PPP$ 2.45 and PPP$ 4.14 per month. Globally, the price of a basic fixed-broadband connection fell from around USD 80 per month in 2008 to USD 25 in 2015, corresponding to a drop in the ratio of price to average GNI per capita from over 90 per cent to 14 per cent.",1,NA,"- Finn: broadband access",NA
"309","f2d7bbe9cdc854ccbb301c538f9548a8","Information on the estimated percentage of the allocation dedicated to rural areas is included in each of the Specific Description of Priority Axes of each ROP. These amounts show the potential source of funding dedicated to rural areas w'ithin specific themes (Table 2.3). The national government has no compliance mechanism by which to ensure that these amounts are met. There are plans to introduce a monitoring tool for this process at the end of 2018.",1,NA,"- Finn: typo",NA
"310","7c9177c34b24f2e8edb9c2ead45796bb","The computational models we build can help us deepen our understanding infrastructure systems. This requires experts to make a series of reasonable assumptions to fill unanticipated 'specificity gaps'. Using such models or even the best Al algorithms should therefore always be tempered with human understanding and knowledge.",0.333333333333333,"not directly linked to quality, reliable, sustainable, or resilient infrastructure","- Steve: only vaguely linked to infrastructure",NA
"311","09bfed64cb823451848a438cfe759332","Personal income taxes have had a relatively small impact on reducing inequality, but transfers from the central government to local governments produced a more equalising effect, albeit with mixed results in terms of satisfaction with public services. Social protection systems have also been extended, but important coverage gaps remain among the poor and ethnic minority groups, and informality remains a key challenge for universal extension. This has been backed by large investments in rural hard and soft infrastructure and a majority of government transfers dedicated to rural areas, leading to a decrease in the rural-urban income gap since 2011.",0.333333333333333,"was an oversight","- Finn: regional infrastructure
- Steve: infrastructure investments",NA
"312","3f7a0dc76cab45a479b8a7fd663d065a","Valuing data and technology, forging innovative partnerships, taking risks and creating trust mean different things for different institutions. They will all need to be kept abreast of, and incorporate, change in order to provide relevant services to their members. This report focuses on the three types of TISIs, namely trade and investment promotion organizations (TIPOs), vocational education and training providers, and quality infrastructure.",1,NA,"- Finn: quality infrastructure",NA
"313","ae7338c5b1e410f75514cf4602938c8d","Such services and related physical infrastructure occur at multiple scales and serve urban, industrial, agricultural and rural users, as well as involving ecological considerations (Global Water Partnership, 2009). They include dams and hydropower, water supply, wastewater, sanitation and water quality, storm water systems, irrigation and drainage, river and coastal works, pipelines and canals, and natural water infrastructure (Grigg, 2017). The particular nature of water as a basic human need, in combination with its amenability to being controlled and monopolized in different circumstances, makes public involvement in its provision both necessary and fraught.",0.333333333333333,"public access to infrastructure","- Finn: lacking context. Remove?",NA
